"gene","add_variable","logFC","FDR","start","end","width","strand"
"SCO0001","whiAvsWT_18h",0.305969206,0,446,1123,678,"+"
"SCO0001","whiAvsWT_36h",-0.026370988,0,446,1123,678,"+"
"SCO0001","whiAvsWT_48h",-0.100696646,0,446,1123,678,"+"
"SCO0001","whiHvsWT_18h",0.092305485,0,446,1123,678,"+"
"SCO0001","whiHvsWT_36h",0.112217309,0,446,1123,678,"+"
"SCO0001","whiHvsWT_48h",-0.005475039,0,446,1123,678,"+"
"SCO0017","whiAvsWT_18h",0.179603489,0,17919,18263,345,"+"
"SCO0017","whiAvsWT_36h",0.042146707,0,17919,18263,345,"+"
"SCO0017","whiAvsWT_48h",-0.04036185,0,17919,18263,345,"+"
"SCO0017","whiHvsWT_18h",0.108937629,0,17919,18263,345,"+"
"SCO0017","whiHvsWT_36h",0.243647589,0,17919,18263,345,"+"
"SCO0017","whiHvsWT_48h",0.165145939,0,17919,18263,345,"+"
"SCO0312","whiAvsWT_18h",0.155270605,0,309147,310316,1170,"+"
"SCO0312","whiAvsWT_36h",-0.144111727,0,309147,310316,1170,"+"
"SCO0312","whiAvsWT_48h",-0.082149204,0,309147,310316,1170,"+"
"SCO0312","whiHvsWT_18h",0.22598333,0,309147,310316,1170,"+"
"SCO0312","whiHvsWT_48h",0.085944326,0,309147,310316,1170,"+"
"SCO0340","whiAvsWT_18h",0.103051737,0,342578,343165,588,"-"
"SCO0340","whiAvsWT_48h",-0.604964448,0,342578,343165,588,"-"
"SCO0340","whiHvsWT_18h",0.148878038,0,342578,343165,588,"-"
"SCO0340","whiHvsWT_36h",-0.642803387,0,342578,343165,588,"-"
"SCO0340","whiHvsWT_48h",-0.809126031,0,342578,343165,588,"-"
"SCO0361","whiAvsWT_18h",0.269030434,0,365623,366795,1173,"-"
"SCO0361","whiAvsWT_36h",0.4901408,0,365623,366795,1173,"-"
"SCO0361","whiAvsWT_48h",0.594429781,0,365623,366795,1173,"-"
"SCO0361","whiHvsWT_18h",-0.05363573,0,365623,366795,1173,"-"
"SCO0361","whiHvsWT_48h",-0.066637331,0,365623,366795,1173,"-"
"SCO0399","whiAvsWT_18h",0.025956671,0,420492,421715,1224,"+"
"SCO0399","whiAvsWT_36h",-0.128648899,0,420492,421715,1224,"+"
"SCO0399","whiAvsWT_48h",-0.26083097,0,420492,421715,1224,"+"
"SCO0399","whiHvsWT_18h",0.085729405,0,420492,421715,1224,"+"
"SCO0399","whiHvsWT_36h",-0.607548574,0,420492,421715,1224,"+"
"SCO0399","whiHvsWT_48h",-0.368045864,0,420492,421715,1224,"+"
"SCO0400","whiAvsWT_18h",0.140596785,0,421712,422263,552,"+"
"SCO0400","whiHvsWT_18h",0.404470368,0,421712,422263,552,"+"
"SCO0400","whiHvsWT_36h",-0.032365183,0,421712,422263,552,"+"
"SCO0550","whiAvsWT_18h",0.042869352,0,590017,590895,879,"+"
"SCO0550","whiAvsWT_36h",0.278526279,0,590017,590895,879,"+"
"SCO0550","whiAvsWT_48h",0.574644488,0,590017,590895,879,"+"
"SCO0550","whiHvsWT_18h",0.401273932,0,590017,590895,879,"+"
"SCO0550","whiHvsWT_36h",-0.018941086,0,590017,590895,879,"+"
"SCO0550","whiHvsWT_48h",0.0733437,0,590017,590895,879,"+"
"SCO0566","whiAvsWT_18h",0.142413121,0,608902,609186,285,"-"
"SCO0566","whiAvsWT_36h",-0.849216385,0,608902,609186,285,"-"
"SCO0566","whiAvsWT_48h",-0.813752227,0,608902,609186,285,"-"
"SCO0566","whiHvsWT_18h",-0.019335658,0,608902,609186,285,"-"
"SCO0566","whiHvsWT_36h",-0.002633788,0,608902,609186,285,"-"
"SCO0566","whiHvsWT_48h",-0.024304504,0,608902,609186,285,"-"
"SCO0591","whiAvsWT_18h",0.019857483,0,633119,633958,840,"+"
"SCO0591","whiAvsWT_36h",-0.702766245,0,633119,633958,840,"+"
"SCO0591","whiAvsWT_48h",-1.250373819,0,633119,633958,840,"+"
"SCO0591","whiHvsWT_18h",0.118916314,0,633119,633958,840,"+"
"SCO0591","whiHvsWT_36h",-0.419771778,0,633119,633958,840,"+"
"SCO0591","whiHvsWT_48h",-0.549273207,0,633119,633958,840,"+"
"SCO0593","whiAvsWT_18h",0.158213773,0,634879,635706,828,"-"
"SCO0593","whiAvsWT_36h",-0.227756008,0,634879,635706,828,"-"
"SCO0593","whiAvsWT_48h",-0.843547872,0,634879,635706,828,"-"
"SCO0593","whiHvsWT_18h",-0.134614488,0,634879,635706,828,"-"
"SCO0593","whiHvsWT_36h",0.136229646,0,634879,635706,828,"-"
"SCO0593","whiHvsWT_48h",-0.291711598,0,634879,635706,828,"-"
"SCO0629","whiAvsWT_18h",0.327934936,0,671618,672727,1110,"-"
"SCO0629","whiAvsWT_36h",-0.038829591,0,671618,672727,1110,"-"
"SCO0629","whiAvsWT_48h",-0.040916478,0,671618,672727,1110,"-"
"SCO0629","whiHvsWT_18h",0.418981235,0,671618,672727,1110,"-"
"SCO0629","whiHvsWT_36h",0.052301482,0,671618,672727,1110,"-"
"SCO0629","whiHvsWT_48h",0.20742165,0,671618,672727,1110,"-"
"SCO0651","whiAvsWT_36h",-1.001717204,0,691829,692614,786,"+"
"SCO0651","whiAvsWT_48h",-1.473052325,0,691829,692614,786,"+"
"SCO0651","whiHvsWT_36h",-0.86982694,0,691829,692614,786,"+"
"SCO0651","whiHvsWT_48h",-1.512747372,0,691829,692614,786,"+"
"SCO0654","whiAvsWT_36h",-2.660784665,0,693442,694416,975,"+"
"SCO0654","whiAvsWT_48h",-2.435999828,0,693442,694416,975,"+"
"SCO0654","whiHvsWT_36h",-2.345239479,0,693442,694416,975,"+"
"SCO0654","whiHvsWT_48h",-2.12485527,0,693442,694416,975,"+"
"SCO0655","whiAvsWT_18h",0.444970005,0,694441,694785,345,"+"
"SCO0655","whiAvsWT_36h",-1.625216235,0,694441,694785,345,"+"
"SCO0655","whiAvsWT_48h",-2.548040096,0,694441,694785,345,"+"
"SCO0655","whiHvsWT_36h",-1.223127528,0,694441,694785,345,"+"
"SCO0655","whiHvsWT_48h",-2.487872708,0,694441,694785,345,"+"
"SCO0660","whiAvsWT_18h",0.437510143,0,697480,698811,1332,"+"
"SCO0660","whiAvsWT_36h",-0.162170696,0,697480,698811,1332,"+"
"SCO0660","whiAvsWT_48h",-0.155870178,0,697480,698811,1332,"+"
"SCO0660","whiHvsWT_18h",-0.405391434,0,697480,698811,1332,"+"
"SCO0660","whiHvsWT_36h",-0.039790307,0,697480,698811,1332,"+"
"SCO0660","whiHvsWT_48h",0.157839644,0,697480,698811,1332,"+"
"SCO0689","whiAvsWT_18h",0.062667347,0,730352,730987,636,"+"
"SCO0689","whiAvsWT_36h",-0.319073183,0,730352,730987,636,"+"
"SCO0689","whiAvsWT_48h",-0.556987155,0,730352,730987,636,"+"
"SCO0689","whiHvsWT_18h",0.269743809,0,730352,730987,636,"+"
"SCO0689","whiHvsWT_36h",-0.127583918,0,730352,730987,636,"+"
"SCO0689","whiHvsWT_48h",-0.378823943,0,730352,730987,636,"+"
"SCO0701","whiAvsWT_18h",0.111209819,0,742242,742685,444,"-"
"SCO0701","whiAvsWT_36h",0.077435025,0,742242,742685,444,"-"
"SCO0701","whiAvsWT_48h",-0.119386383,0,742242,742685,444,"-"
"SCO0701","whiHvsWT_18h",0.246031376,0,742242,742685,444,"-"
"SCO0701","whiHvsWT_36h",0.286999753,0,742242,742685,444,"-"
"SCO0701","whiHvsWT_48h",0.085400991,0,742242,742685,444,"-"
"SCO0736","whiAvsWT_18h",0.417123596,0,779131,779826,696,"-"
"SCO0736","whiAvsWT_36h",-0.370271471,0,779131,779826,696,"-"
"SCO0736","whiAvsWT_48h",0.044055208,0,779131,779826,696,"-"
"SCO0736","whiHvsWT_18h",-0.446500149,0,779131,779826,696,"-"
"SCO0736","whiHvsWT_36h",-0.403744759,0,779131,779826,696,"-"
"SCO0736","whiHvsWT_48h",-0.213959644,0,779131,779826,696,"-"
"SCO0743","whiAvsWT_18h",-0.069844905,0,786125,786409,285,"-"
"SCO0743","whiAvsWT_36h",-0.784547594,0,786125,786409,285,"-"
"SCO0743","whiAvsWT_48h",-1.250964416,0,786125,786409,285,"-"
"SCO0743","whiHvsWT_18h",-0.19263079,0,786125,786409,285,"-"
"SCO0743","whiHvsWT_36h",0.00336498,0,786125,786409,285,"-"
"SCO0743","whiHvsWT_48h",-0.056677433,0,786125,786409,285,"-"
"SCO0752","whiAvsWT_18h",0.601919624,0,794689,796002,1314,"-"
"SCO0752","whiAvsWT_36h",-0.388631261,0,794689,796002,1314,"-"
"SCO0752","whiAvsWT_48h",-0.246512049,0,794689,796002,1314,"-"
"SCO0752","whiHvsWT_18h",-0.398398341,0,794689,796002,1314,"-"
"SCO0834","whiAvsWT_36h",-2.624706707,0,882826,883014,189,"-"
"SCO0834","whiAvsWT_48h",-4.098406591,0,882826,883014,189,"-"
"SCO0834","whiHvsWT_18h",-0.353272931,0,882826,883014,189,"-"
"SCO0834","whiHvsWT_36h",-1.595030954,0,882826,883014,189,"-"
"SCO0834","whiHvsWT_48h",-1.848641083,0,882826,883014,189,"-"
"SCO0890","whiAvsWT_18h",0.321399352,0,935622,936329,708,"-"
"SCO0890","whiAvsWT_36h",0.013114692,0,935622,936329,708,"-"
"SCO0890","whiAvsWT_48h",0.017035715,0,935622,936329,708,"-"
"SCO0890","whiHvsWT_18h",0.458263377,0,935622,936329,708,"-"
"SCO0890","whiHvsWT_36h",0.117422944,0,935622,936329,708,"-"
"SCO0890","whiHvsWT_48h",0.161222225,0,935622,936329,708,"-"
"SCO0934","whiAvsWT_18h",0.095806355,0,980917,981558,642,"-"
"SCO0934","whiAvsWT_36h",-1.987083477,0,980917,981558,642,"-"
"SCO0934","whiAvsWT_48h",-2.615798056,0,980917,981558,642,"-"
"SCO0934","whiHvsWT_18h",-0.308481767,0,980917,981558,642,"-"
"SCO0934","whiHvsWT_36h",-1.916741972,0,980917,981558,642,"-"
"SCO0934","whiHvsWT_48h",-2.302728348,0,980917,981558,642,"-"
"SCO0973","whiAvsWT_18h",0.479084082,0,1024508,1025767,1260,"+"
"SCO0973","whiAvsWT_36h",-0.111719065,0,1024508,1025767,1260,"+"
"SCO0973","whiAvsWT_48h",-0.084306742,0,1024508,1025767,1260,"+"
"SCO0973","whiHvsWT_18h",0.52342254,0,1024508,1025767,1260,"+"
"SCO0973","whiHvsWT_36h",0.03240057,0,1024508,1025767,1260,"+"
"SCO0973","whiHvsWT_48h",0.16236612,0,1024508,1025767,1260,"+"
"SCO1048","whiAvsWT_36h",0.223623796,0,1104500,1104952,453,"-"
"SCO1048","whiAvsWT_48h",0.130263712,0,1104500,1104952,453,"-"
"SCO1048","whiHvsWT_18h",0.279321284,0,1104500,1104952,453,"-"
"SCO1048","whiHvsWT_36h",0.578251729,0,1104500,1104952,453,"-"
"SCO1048","whiHvsWT_48h",0.352500048,0,1104500,1104952,453,"-"
"SCO1076","whiAvsWT_18h",0.089043016,0,1136858,1137052,195,"-"
"SCO1076","whiAvsWT_36h",-0.094451007,0,1136858,1137052,195,"-"
"SCO1076","whiAvsWT_48h",-0.157748032,0,1136858,1137052,195,"-"
"SCO1076","whiHvsWT_18h",0.073842918,0,1136858,1137052,195,"-"
"SCO1076","whiHvsWT_36h",0.033081316,0,1136858,1137052,195,"-"
"SCO1076","whiHvsWT_48h",-0.073709489,0,1136858,1137052,195,"-"
"SCO1110","whiAvsWT_18h",0.481287728,0,1167193,1167993,801,"+"
"SCO1110","whiAvsWT_36h",-0.041986615,0,1167193,1167993,801,"+"
"SCO1110","whiAvsWT_48h",-0.044200016,0,1167193,1167993,801,"+"
"SCO1110","whiHvsWT_18h",0.48097895,0,1167193,1167993,801,"+"
"SCO1110","whiHvsWT_36h",0.09428236,0,1167193,1167993,801,"+"
"SCO1110","whiHvsWT_48h",0.049228045,0,1167193,1167993,801,"+"
"SCO1143","whiAvsWT_36h",-0.658052149,0,1201486,1202247,762,"-"
"SCO1143","whiAvsWT_48h",-1.268086402,0,1201486,1202247,762,"-"
"SCO1143","whiHvsWT_18h",0.511704003,0,1201486,1202247,762,"-"
"SCO1143","whiHvsWT_36h",-0.822138869,0,1201486,1202247,762,"-"
"SCO1143","whiHvsWT_48h",-0.977232459,0,1201486,1202247,762,"-"
"SCO1149","whiAvsWT_18h",-0.137035965,0,1209788,1210258,471,"+"
"SCO1149","whiAvsWT_36h",-0.598145791,0,1209788,1210258,471,"+"
"SCO1149","whiAvsWT_48h",-1.12766603,0,1209788,1210258,471,"+"
"SCO1149","whiHvsWT_18h",0.190241634,0,1209788,1210258,471,"+"
"SCO1149","whiHvsWT_36h",-0.507182602,0,1209788,1210258,471,"+"
"SCO1149","whiHvsWT_48h",-1.244085338,0,1209788,1210258,471,"+"
"SCO1195","whiAvsWT_18h",0.234653851,0,1267321,1267515,195,"-"
"SCO1195","whiAvsWT_36h",-1.145444571,0,1267321,1267515,195,"-"
"SCO1195","whiAvsWT_48h",-1.767956987,0,1267321,1267515,195,"-"
"SCO1195","whiHvsWT_18h",0.03945836,0,1267321,1267515,195,"-"
"SCO1195","whiHvsWT_36h",-0.46500706,0,1267321,1267515,195,"-"
"SCO1195","whiHvsWT_48h",-1.165102384,0,1267321,1267515,195,"-"
"SCO1207","whiAvsWT_48h",-2.497520713,0,1278746,1279960,1215,"+"
"SCO1207","whiHvsWT_48h",-1.636743913,0,1278746,1279960,1215,"+"
"SCO1282","whiAvsWT_18h",0.088173607,0,1353407,1353985,579,"-"
"SCO1282","whiAvsWT_36h",-0.055971363,0,1353407,1353985,579,"-"
"SCO1282","whiAvsWT_48h",-0.290871199,0,1353407,1353985,579,"-"
"SCO1282","whiHvsWT_18h",0.217831903,0,1353407,1353985,579,"-"
"SCO1282","whiHvsWT_48h",0.142696477,0,1353407,1353985,579,"-"
"SCO1336","whiAvsWT_48h",-1.264234467,0,1412774,1414348,1575,"+"
"SCO1336","whiHvsWT_36h",-0.473166069,0,1412774,1414348,1575,"+"
"SCO1336","whiHvsWT_48h",-0.457396878,0,1412774,1414348,1575,"+"
"SCO1388","whiAvsWT_18h",0.512026836,0,1465266,1467761,2496,"-"
"SCO1388","whiAvsWT_48h",-0.123512755,0,1465266,1467761,2496,"-"
"SCO1388","whiHvsWT_18h",0.382239754,0,1465266,1467761,2496,"-"
"SCO1388","whiHvsWT_36h",-0.03012221,0,1465266,1467761,2496,"-"
"SCO1388","whiHvsWT_48h",0.195190108,0,1465266,1467761,2496,"-"
"SCO1415","whiAvsWT_18h",0.377866419,0,1510276,1510470,195,"+"
"SCO1415","whiAvsWT_36h",-2.683679836,0,1510276,1510470,195,"+"
"SCO1415","whiAvsWT_48h",-3.161394398,0,1510276,1510470,195,"+"
"SCO1415","whiHvsWT_18h",0.092987745,0,1510276,1510470,195,"+"
"SCO1415","whiHvsWT_36h",-1.652923942,0,1510276,1510470,195,"+"
"SCO1415","whiHvsWT_48h",-1.999407958,0,1510276,1510470,195,"+"
"SCO1416","whiAvsWT_18h",0.145755041,0,1510524,1512272,1749,"+"
"SCO1416","whiAvsWT_36h",-0.40361726,0,1510524,1512272,1749,"+"
"SCO1416","whiAvsWT_48h",-0.665288826,0,1510524,1512272,1749,"+"
"SCO1416","whiHvsWT_18h",0.078133602,0,1510524,1512272,1749,"+"
"SCO1416","whiHvsWT_36h",-0.179802286,0,1510524,1512272,1749,"+"
"SCO1416","whiHvsWT_48h",-0.271608558,0,1510524,1512272,1749,"+"
"SCO1541","whiAvsWT_18h",-0.00070738,0,1650311,1650790,480,"+"
"SCO1541","whiAvsWT_36h",-0.860432632,0,1650311,1650790,480,"+"
"SCO1541","whiAvsWT_48h",-0.917519986,0,1650311,1650790,480,"+"
"SCO1541","whiHvsWT_18h",-0.028203887,0,1650311,1650790,480,"+"
"SCO1541","whiHvsWT_36h",-0.485055582,0,1650311,1650790,480,"+"
"SCO1541","whiHvsWT_48h",-1.082910764,0,1650311,1650790,480,"+"
"SCO1549","whiAvsWT_18h",0.186843035,0,1657259,1658197,939,"-"
"SCO1549","whiAvsWT_36h",-0.124326613,0,1657259,1658197,939,"-"
"SCO1549","whiAvsWT_48h",-0.125615952,0,1657259,1658197,939,"-"
"SCO1549","whiHvsWT_18h",0.271032117,0,1657259,1658197,939,"-"
"SCO1549","whiHvsWT_36h",-0.076761816,0,1657259,1658197,939,"-"
"SCO1549","whiHvsWT_48h",-0.190440871,0,1657259,1658197,939,"-"
"SCO1573","whiAvsWT_18h",0.571354062,0,1683419,1684756,1338,"+"
"SCO1573","whiAvsWT_36h",-0.309955891,0,1683419,1684756,1338,"+"
"SCO1573","whiHvsWT_18h",-0.632032349,0,1683419,1684756,1338,"+"
"SCO1573","whiHvsWT_36h",-0.13652982,0,1683419,1684756,1338,"+"
"SCO1576","whiAvsWT_18h",0.224920521,0,1686616,1687155,540,"-"
"SCO1576","whiAvsWT_36h",-0.25326111,0,1686616,1687155,540,"-"
"SCO1576","whiAvsWT_48h",-0.156120304,0,1686616,1687155,540,"-"
"SCO1576","whiHvsWT_18h",-0.531150954,0,1686616,1687155,540,"-"
"SCO1576","whiHvsWT_36h",-0.499659689,0,1686616,1687155,540,"-"
"SCO1576","whiHvsWT_48h",0.068985158,0,1686616,1687155,540,"-"
"SCO1590","whiAvsWT_48h",-1.825495968,0,1699562,1700806,1245,"-"
"SCO1590","whiHvsWT_48h",-0.483435458,0,1699562,1700806,1245,"-"
"SCO1658","whiAvsWT_18h",0.060533488,0,1776737,1777501,765,"+"
"SCO1658","whiAvsWT_36h",-0.376837092,0,1776737,1777501,765,"+"
"SCO1658","whiAvsWT_48h",-0.636810493,0,1776737,1777501,765,"+"
"SCO1658","whiHvsWT_18h",0.078626271,0,1776737,1777501,765,"+"
"SCO1658","whiHvsWT_36h",0.174286877,0,1776737,1777501,765,"+"
"SCO1658","whiHvsWT_48h",0.184341612,0,1776737,1777501,765,"+"
"SCO1700","whiAvsWT_18h",0.031470145,0,1820169,1820483,315,"-"
"SCO1700","whiAvsWT_36h",-0.14999809,0,1820169,1820483,315,"-"
"SCO1700","whiAvsWT_48h",-0.087191553,0,1820169,1820483,315,"-"
"SCO1700","whiHvsWT_18h",0.969825513,0,1820169,1820483,315,"-"
"SCO1700","whiHvsWT_36h",0.562722503,0,1820169,1820483,315,"-"
"SCO1700","whiHvsWT_48h",0.953696419,0,1820169,1820483,315,"-"
"SCO1724","whiAvsWT_18h",-0.065360997,0,1843788,1845440,1653,"+"
"SCO1724","whiHvsWT_36h",-0.129937355,0,1843788,1845440,1653,"+"
"SCO1724","whiHvsWT_48h",0.416181969,0,1843788,1845440,1653,"+"
"SCO1749","whiAvsWT_18h",0.277641615,0,1869279,1869719,441,"+"
"SCO1749","whiAvsWT_36h",-1.24163163,0,1869279,1869719,441,"+"
"SCO1749","whiAvsWT_48h",-0.829452642,0,1869279,1869719,441,"+"
"SCO1749","whiHvsWT_36h",-1.050196033,0,1869279,1869719,441,"+"
"SCO1749","whiHvsWT_48h",-0.882986096,0,1869279,1869719,441,"+"
"SCO1757","whiAvsWT_18h",0.04065234,0,1878448,1878741,294,"+"
"SCO1757","whiAvsWT_36h",-0.145632698,0,1878448,1878741,294,"+"
"SCO1757","whiAvsWT_48h",-0.537287594,0,1878448,1878741,294,"+"
"SCO1757","whiHvsWT_18h",0.220702354,0,1878448,1878741,294,"+"
"SCO1757","whiHvsWT_36h",0.003070001,0,1878448,1878741,294,"+"
"SCO1757","whiHvsWT_48h",-0.213393304,0,1878448,1878741,294,"+"
"SCO1766","whiAvsWT_18h",0.06307921,0,1885483,1886502,1020,"-"
"SCO1766","whiAvsWT_36h",0.167387098,0,1885483,1886502,1020,"-"
"SCO1766","whiAvsWT_48h",0.479981433,0,1885483,1886502,1020,"-"
"SCO1766","whiHvsWT_18h",0.110256492,0,1885483,1886502,1020,"-"
"SCO1766","whiHvsWT_36h",-0.055828948,0,1885483,1886502,1020,"-"
"SCO1766","whiHvsWT_48h",0.147488833,0,1885483,1886502,1020,"-"
"SCO1767","whiAvsWT_18h",0.181019934,0,1886499,1887218,720,"-"
"SCO1767","whiAvsWT_36h",0.060619927,0,1886499,1887218,720,"-"
"SCO1767","whiAvsWT_48h",0.438680297,0,1886499,1887218,720,"-"
"SCO1767","whiHvsWT_36h",-0.261120779,0,1886499,1887218,720,"-"
"SCO1767","whiHvsWT_48h",-0.370690297,0,1886499,1887218,720,"-"
"SCO1773","whiAvsWT_18h",-0.044257778,0,1892493,1893608,1116,"-"
"SCO1773","whiAvsWT_36h",-0.646750499,0,1892493,1893608,1116,"-"
"SCO1773","whiAvsWT_48h",-1.320414218,0,1892493,1893608,1116,"-"
"SCO1773","whiHvsWT_36h",0.207574885,0,1892493,1893608,1116,"-"
"SCO1773","whiHvsWT_48h",0.296353193,0,1892493,1893608,1116,"-"
"SCO1774","whiAvsWT_18h",0.093975138,0,1893751,1895799,2049,"-"
"SCO1774","whiAvsWT_36h",-0.227322146,0,1893751,1895799,2049,"-"
"SCO1774","whiAvsWT_48h",-1.21842727,0,1893751,1895799,2049,"-"
"SCO1774","whiHvsWT_18h",0.134767197,0,1893751,1895799,2049,"-"
"SCO1774","whiHvsWT_36h",0.041219684,0,1893751,1895799,2049,"-"
"SCO1774","whiHvsWT_48h",-0.006257747,0,1893751,1895799,2049,"-"
"SCO1778","whiAvsWT_18h",0.063095765,0,1901295,1902941,1647,"+"
"SCO1778","whiAvsWT_36h",-0.153678643,0,1901295,1902941,1647,"+"
"SCO1778","whiAvsWT_48h",-0.458267237,0,1901295,1902941,1647,"+"
"SCO1778","whiHvsWT_18h",0.117452534,0,1901295,1902941,1647,"+"
"SCO1778","whiHvsWT_36h",-0.217382181,0,1901295,1902941,1647,"+"
"SCO1778","whiHvsWT_48h",-0.02985749,0,1901295,1902941,1647,"+"
"SCO1810","whiAvsWT_18h",0.525127778,0,1940925,1941131,207,"-"
"SCO1810","whiAvsWT_36h",-0.079622977,0,1940925,1941131,207,"-"
"SCO1810","whiAvsWT_48h",-0.11458998,0,1940925,1941131,207,"-"
"SCO1810","whiHvsWT_18h",0.547142387,0,1940925,1941131,207,"-"
"SCO1810","whiHvsWT_36h",-0.002502148,0,1940925,1941131,207,"-"
"SCO1810","whiHvsWT_48h",0.150232295,0,1940925,1941131,207,"-"
"SCO1834","whiAvsWT_18h",-0.125170713,0,1964268,1964651,384,"-"
"SCO1834","whiAvsWT_36h",-0.449135583,0,1964268,1964651,384,"-"
"SCO1834","whiAvsWT_48h",-1.656558598,0,1964268,1964651,384,"-"
"SCO1834","whiHvsWT_18h",0.01555567,0,1964268,1964651,384,"-"
"SCO1834","whiHvsWT_36h",-0.427024105,0,1964268,1964651,384,"-"
"SCO1834","whiHvsWT_48h",-1.301785837,0,1964268,1964651,384,"-"
"SCO1860","whiAvsWT_18h",0.001257498,0,1994050,1995057,1008,"-"
"SCO1860","whiAvsWT_36h",0.158849864,0,1994050,1995057,1008,"-"
"SCO1860","whiAvsWT_48h",0.148402319,0,1994050,1995057,1008,"-"
"SCO1860","whiHvsWT_18h",0.648482324,0,1994050,1995057,1008,"-"
"SCO1860","whiHvsWT_36h",0.855612445,0,1994050,1995057,1008,"-"
"SCO1860","whiHvsWT_48h",1.166025118,0,1994050,1995057,1008,"-"
"SCO1902","whiAvsWT_18h",0.071444459,0,2036555,2036944,390,"+"
"SCO1902","whiAvsWT_36h",-0.073561351,0,2036555,2036944,390,"+"
"SCO1902","whiAvsWT_48h",-0.118468383,0,2036555,2036944,390,"+"
"SCO1902","whiHvsWT_18h",-0.075263318,0,2036555,2036944,390,"+"
"SCO1902","whiHvsWT_36h",0.003697682,0,2036555,2036944,390,"+"
"SCO1902","whiHvsWT_48h",-0.128032068,0,2036555,2036944,390,"+"
"SCO1915","whiAvsWT_18h",0.077789483,0,2049745,2050473,729,"+"
"SCO1915","whiAvsWT_36h",-0.638075337,0,2049745,2050473,729,"+"
"SCO1915","whiAvsWT_48h",-0.977958454,0,2049745,2050473,729,"+"
"SCO1915","whiHvsWT_18h",-0.067533903,0,2049745,2050473,729,"+"
"SCO1915","whiHvsWT_36h",0.004833484,0,2049745,2050473,729,"+"
"SCO1915","whiHvsWT_48h",0.065628018,0,2049745,2050473,729,"+"
"SCO1929","whiAvsWT_18h",-0.196932037,0,2061089,2061898,810,"+"
"SCO1929","whiAvsWT_36h",0.060258007,0,2061089,2061898,810,"+"
"SCO1929","whiAvsWT_48h",0.062883789,0,2061089,2061898,810,"+"
"SCO1929","whiHvsWT_18h",0.575559199,0,2061089,2061898,810,"+"
"SCO1929","whiHvsWT_36h",0.659756407,0,2061089,2061898,810,"+"
"SCO1929","whiHvsWT_48h",0.936662944,0,2061089,2061898,810,"+"
"SCO1965","whiAvsWT_18h",-0.138364944,0,2104340,2104918,579,"-"
"SCO1965","whiAvsWT_36h",0.220082165,0,2104340,2104918,579,"-"
"SCO1965","whiAvsWT_48h",0.402019023,0,2104340,2104918,579,"-"
"SCO1965","whiHvsWT_18h",0.042894398,0,2104340,2104918,579,"-"
"SCO1965","whiHvsWT_36h",0.002922166,0,2104340,2104918,579,"-"
"SCO1965","whiHvsWT_48h",0.126109677,0,2104340,2104918,579,"-"
"SCO1981","whiAvsWT_18h",0.167200092,0,2119760,2120194,435,"+"
"SCO1981","whiAvsWT_36h",-0.112622809,0,2119760,2120194,435,"+"
"SCO1981","whiAvsWT_48h",-0.114609022,0,2119760,2120194,435,"+"
"SCO1981","whiHvsWT_18h",0.267338202,0,2119760,2120194,435,"+"
"SCO1981","whiHvsWT_36h",-0.006122734,0,2119760,2120194,435,"+"
"SCO1981","whiHvsWT_48h",0.085122782,0,2119760,2120194,435,"+"
"SCO1991","whiAvsWT_18h",-0.008994673,0,2128658,2129218,561,"+"
"SCO1991","whiAvsWT_36h",-0.42284473,0,2128658,2129218,561,"+"
"SCO1991","whiAvsWT_48h",-0.741984061,0,2128658,2129218,561,"+"
"SCO1991","whiHvsWT_18h",0.086576974,0,2128658,2129218,561,"+"
"SCO1991","whiHvsWT_36h",-0.056588884,0,2128658,2129218,561,"+"
"SCO1991","whiHvsWT_48h",-0.184578677,0,2128658,2129218,561,"+"
"SCO2009","whiAvsWT_18h",0.043075513,0,2150635,2151567,933,"+"
"SCO2009","whiAvsWT_36h",-0.207410561,0,2150635,2151567,933,"+"
"SCO2009","whiAvsWT_48h",0.040771385,0,2150635,2151567,933,"+"
"SCO2009","whiHvsWT_18h",0.23437625,0,2150635,2151567,933,"+"
"SCO2009","whiHvsWT_36h",0.290943389,0,2150635,2151567,933,"+"
"SCO2009","whiHvsWT_48h",0.315056576,0,2150635,2151567,933,"+"
"SCO2010","whiAvsWT_18h",0.074445282,0,2151573,2153399,1827,"+"
"SCO2010","whiAvsWT_36h",-0.200099916,0,2151573,2153399,1827,"+"
"SCO2010","whiAvsWT_48h",0.110137938,0,2151573,2153399,1827,"+"
"SCO2010","whiHvsWT_18h",0.278767548,0,2151573,2153399,1827,"+"
"SCO2010","whiHvsWT_36h",-0.073208364,0,2151573,2153399,1827,"+"
"SCO2010","whiHvsWT_48h",0.490181204,0,2151573,2153399,1827,"+"
"SCO2026","whiAvsWT_18h",0.094410576,0,2171840,2176384,4545,"-"
"SCO2026","whiAvsWT_36h",-0.231606338,0,2171840,2176384,4545,"-"
"SCO2026","whiAvsWT_48h",-0.259991267,0,2171840,2176384,4545,"-"
"SCO2026","whiHvsWT_18h",0.225932847,0,2171840,2176384,4545,"-"
"SCO2026","whiHvsWT_36h",0.475933413,0,2171840,2176384,4545,"-"
"SCO2026","whiHvsWT_48h",0.776464672,0,2171840,2176384,4545,"-"
"SCO2030","whiAvsWT_18h",0.006865524,0,2180592,2181770,1179,"+"
"SCO2030","whiAvsWT_36h",-0.133762501,0,2180592,2181770,1179,"+"
"SCO2030","whiAvsWT_48h",0.046108046,0,2180592,2181770,1179,"+"
"SCO2030","whiHvsWT_18h",0.246401892,0,2180592,2181770,1179,"+"
"SCO2030","whiHvsWT_36h",0.09042129,0,2180592,2181770,1179,"+"
"SCO2030","whiHvsWT_48h",-0.080992779,0,2180592,2181770,1179,"+"
"SCO2035","whiAvsWT_18h",-0.115466082,0,2186336,2187163,828,"-"
"SCO2035","whiAvsWT_36h",-0.590114887,0,2186336,2187163,828,"-"
"SCO2035","whiAvsWT_48h",-0.857535425,0,2186336,2187163,828,"-"
"SCO2035","whiHvsWT_18h",-0.057855597,0,2186336,2187163,828,"-"
"SCO2035","whiHvsWT_36h",-0.087681338,0,2186336,2187163,828,"-"
"SCO2035","whiHvsWT_48h",-0.105247141,0,2186336,2187163,828,"-"
"SCO2063","whiAvsWT_18h",0.099706593,0,2211403,2211570,168,"+"
"SCO2063","whiAvsWT_36h",-0.4549179,0,2211403,2211570,168,"+"
"SCO2063","whiAvsWT_48h",-1.086546266,0,2211403,2211570,168,"+"
"SCO2063","whiHvsWT_18h",0.036781298,0,2211403,2211570,168,"+"
"SCO2063","whiHvsWT_36h",-0.319656661,0,2211403,2211570,168,"+"
"SCO2063","whiHvsWT_48h",-0.677062631,0,2211403,2211570,168,"+"
"SCO2212","whiAvsWT_18h",-0.012991901,0,2376423,2376545,123,"+"
"SCO2212","whiAvsWT_36h",-0.515582483,0,2376423,2376545,123,"+"
"SCO2212","whiAvsWT_48h",-0.684215686,0,2376423,2376545,123,"+"
"SCO2212","whiHvsWT_18h",-0.311007365,0,2376423,2376545,123,"+"
"SCO2212","whiHvsWT_36h",-0.498852898,0,2376423,2376545,123,"+"
"SCO2212","whiHvsWT_48h",-0.449273551,0,2376423,2376545,123,"+"
"SCO2236","whiAvsWT_36h",-0.249106206,0,2406202,2406456,255,"+"
"SCO2236","whiAvsWT_48h",-0.5824134,0,2406202,2406456,255,"+"
"SCO2236","whiHvsWT_36h",0.223334447,0,2406202,2406456,255,"+"
"SCO2236","whiHvsWT_48h",-0.045990194,0,2406202,2406456,255,"+"
"SCO2237","whiAvsWT_18h",0.084293044,0,2406519,2406965,447,"+"
"SCO2237","whiAvsWT_36h",0.029291302,0,2406519,2406965,447,"+"
"SCO2237","whiAvsWT_48h",-0.344336437,0,2406519,2406965,447,"+"
"SCO2237","whiHvsWT_18h",0.021935065,0,2406519,2406965,447,"+"
"SCO2237","whiHvsWT_36h",-0.145779343,0,2406519,2406965,447,"+"
"SCO2237","whiHvsWT_48h",-0.328779685,0,2406519,2406965,447,"+"
"SCO2374","whiAvsWT_18h",-0.035052813,0,2544733,2545416,684,"+"
"SCO2374","whiAvsWT_36h",0.118665761,0,2544733,2545416,684,"+"
"SCO2374","whiHvsWT_36h",1.144612597,0,2544733,2545416,684,"+"
"SCO2374","whiHvsWT_48h",1.630333877,0,2544733,2545416,684,"+"
"SCO2390","whiAvsWT_18h",-0.092928295,0,2561801,2563090,1290,"+"
"SCO2390","whiAvsWT_48h",-0.949432517,0,2561801,2563090,1290,"+"
"SCO2390","whiHvsWT_18h",0.147929246,0,2561801,2563090,1290,"+"
"SCO2390","whiHvsWT_36h",0.296931872,0,2561801,2563090,1290,"+"
"SCO2390","whiHvsWT_48h",0.275973126,0,2561801,2563090,1290,"+"
"SCO2452","whiAvsWT_18h",0.051320374,0,2638132,2639559,1428,"+"
"SCO2452","whiAvsWT_36h",-0.077690618,0,2638132,2639559,1428,"+"
"SCO2452","whiAvsWT_48h",-0.50836533,0,2638132,2639559,1428,"+"
"SCO2452","whiHvsWT_18h",0.159433636,0,2638132,2639559,1428,"+"
"SCO2452","whiHvsWT_36h",-0.131558455,0,2638132,2639559,1428,"+"
"SCO2452","whiHvsWT_48h",-0.375629704,0,2638132,2639559,1428,"+"
"SCO2495","whiAvsWT_18h",0.580777883,0,2688116,2689894,1779,"+"
"SCO2495","whiAvsWT_36h",-0.268815564,0,2688116,2689894,1779,"+"
"SCO2495","whiAvsWT_48h",-0.028344924,0,2688116,2689894,1779,"+"
"SCO2495","whiHvsWT_18h",-0.708755761,0,2688116,2689894,1779,"+"
"SCO2495","whiHvsWT_36h",-0.462339188,0,2688116,2689894,1779,"+"
"SCO2495","whiHvsWT_48h",0.039618906,0,2688116,2689894,1779,"+"
"SCO2523","whiAvsWT_18h",0.134015453,0,2720179,2721096,918,"-"
"SCO2523","whiAvsWT_36h",-0.165802313,0,2720179,2721096,918,"-"
"SCO2523","whiAvsWT_48h",-0.18139864,0,2720179,2721096,918,"-"
"SCO2523","whiHvsWT_18h",-0.084628297,0,2720179,2721096,918,"-"
"SCO2523","whiHvsWT_36h",0.337706099,0,2720179,2721096,918,"-"
"SCO2523","whiHvsWT_48h",0.04708659,0,2720179,2721096,918,"-"
"SCO2527","whiAvsWT_18h",0.160864903,0,2724600,2725295,696,"-"
"SCO2527","whiAvsWT_36h",-0.006645912,0,2724600,2725295,696,"-"
"SCO2527","whiAvsWT_48h",-0.403578832,0,2724600,2725295,696,"-"
"SCO2527","whiHvsWT_18h",0.090141439,0,2724600,2725295,696,"-"
"SCO2527","whiHvsWT_36h",0.446379874,0,2724600,2725295,696,"-"
"SCO2527","whiHvsWT_48h",0.251386969,0,2724600,2725295,696,"-"
"SCO2530","whiAvsWT_18h",-0.072778937,0,2728656,2728922,267,"+"
"SCO2530","whiAvsWT_36h",-0.306502973,0,2728656,2728922,267,"+"
"SCO2530","whiAvsWT_48h",-0.967585615,0,2728656,2728922,267,"+"
"SCO2530","whiHvsWT_18h",0.24849519,0,2728656,2728922,267,"+"
"SCO2530","whiHvsWT_36h",0.443716576,0,2728656,2728922,267,"+"
"SCO2530","whiHvsWT_48h",0.039934269,0,2728656,2728922,267,"+"
"SCO2531","whiAvsWT_18h",0.21832599,0,2728980,2730326,1347,"+"
"SCO2531","whiAvsWT_36h",-0.191355859,0,2728980,2730326,1347,"+"
"SCO2531","whiAvsWT_48h",-0.247355126,0,2728980,2730326,1347,"+"
"SCO2531","whiHvsWT_18h",0.016734714,0,2728980,2730326,1347,"+"
"SCO2531","whiHvsWT_36h",-0.015557814,0,2728980,2730326,1347,"+"
"SCO2531","whiHvsWT_48h",-0.04223578,0,2728980,2730326,1347,"+"
"SCO2540","whiAvsWT_18h",0.120136116,0,2737582,2738772,1191,"-"
"SCO2540","whiAvsWT_36h",-0.220139058,0,2737582,2738772,1191,"-"
"SCO2540","whiHvsWT_18h",0.098636219,0,2737582,2738772,1191,"-"
"SCO2540","whiHvsWT_48h",0.147756846,0,2737582,2738772,1191,"-"
"SCO2549","whiAvsWT_18h",0.130313448,0,2747664,2750867,3204,"-"
"SCO2549","whiAvsWT_36h",0.084813235,0,2747664,2750867,3204,"-"
"SCO2549","whiAvsWT_48h",-0.184236374,0,2747664,2750867,3204,"-"
"SCO2549","whiHvsWT_18h",0.09585347,0,2747664,2750867,3204,"-"
"SCO2549","whiHvsWT_36h",0.414894779,0,2747664,2750867,3204,"-"
"SCO2549","whiHvsWT_48h",0.305744503,0,2747664,2750867,3204,"-"
"SCO2563","whiAvsWT_18h",0.058732738,0,2766694,2766960,267,"+"
"SCO2563","whiAvsWT_36h",-0.116830991,0,2766694,2766960,267,"+"
"SCO2563","whiAvsWT_48h",-0.389272618,0,2766694,2766960,267,"+"
"SCO2563","whiHvsWT_18h",0.249165479,0,2766694,2766960,267,"+"
"SCO2563","whiHvsWT_36h",0.001518248,0,2766694,2766960,267,"+"
"SCO2563","whiHvsWT_48h",-0.06924845,0,2766694,2766960,267,"+"
"SCO2565","whiAvsWT_18h",-0.012268249,0,2768323,2768544,222,"-"
"SCO2565","whiAvsWT_36h",-1.102417036,0,2768323,2768544,222,"-"
"SCO2565","whiAvsWT_48h",-2.385349269,0,2768323,2768544,222,"-"
"SCO2565","whiHvsWT_18h",-0.119885476,0,2768323,2768544,222,"-"
"SCO2565","whiHvsWT_36h",-1.580978894,0,2768323,2768544,222,"-"
"SCO2565","whiHvsWT_48h",-1.891662188,0,2768323,2768544,222,"-"
"SCO2573","whiAvsWT_18h",0.113254327,0,2780292,2781866,1575,"+"
"SCO2573","whiAvsWT_36h",-0.195099927,0,2780292,2781866,1575,"+"
"SCO2573","whiAvsWT_48h",-0.154064963,0,2780292,2781866,1575,"+"
"SCO2573","whiHvsWT_18h",-0.314143287,0,2780292,2781866,1575,"+"
"SCO2573","whiHvsWT_36h",0.022055271,0,2780292,2781866,1575,"+"
"SCO2573","whiHvsWT_48h",-0.12165959,0,2780292,2781866,1575,"+"
"SCO2576","whiAvsWT_18h",0.374421541,0,2782944,2783615,672,"-"
"SCO2576","whiAvsWT_36h",0.072484321,0,2782944,2783615,672,"-"
"SCO2576","whiAvsWT_48h",-0.035552617,0,2782944,2783615,672,"-"
"SCO2576","whiHvsWT_18h",0.330868476,0,2782944,2783615,672,"-"
"SCO2576","whiHvsWT_36h",0.186778352,0,2782944,2783615,672,"-"
"SCO2576","whiHvsWT_48h",-0.100988821,0,2782944,2783615,672,"-"
"SCO2590","whiAvsWT_18h",0.074564776,0,2799396,2802989,3594,"+"
"SCO2590","whiAvsWT_36h",0.585893016,0,2799396,2802989,3594,"+"
"SCO2590","whiAvsWT_48h",0.986172728,0,2799396,2802989,3594,"+"
"SCO2590","whiHvsWT_18h",-0.195080714,0,2799396,2802989,3594,"+"
"SCO2590","whiHvsWT_48h",-0.268460432,0,2799396,2802989,3594,"+"
"SCO2593","whiAvsWT_18h",0.1967286,0,2807802,2808791,990,"-"
"SCO2593","whiAvsWT_36h",0.579770784,0,2807802,2808791,990,"-"
"SCO2593","whiHvsWT_18h",-0.358074657,0,2807802,2808791,990,"-"
"SCO2593","whiHvsWT_36h",0.19223854,0,2807802,2808791,990,"-"
"SCO2620","whiAvsWT_18h",-0.282464551,0,2846000,2847406,1407,"-"
"SCO2620","whiAvsWT_36h",0.078416554,0,2846000,2847406,1407,"-"
"SCO2620","whiAvsWT_48h",0.011472413,0,2846000,2847406,1407,"-"
"SCO2620","whiHvsWT_18h",-0.050727117,0,2846000,2847406,1407,"-"
"SCO2620","whiHvsWT_36h",0.445235504,0,2846000,2847406,1407,"-"
"SCO2620","whiHvsWT_48h",0.214204203,0,2846000,2847406,1407,"-"
"SCO2684","whiAvsWT_18h",0.058532164,0,2925258,2927738,2481,"-"
"SCO2684","whiAvsWT_36h",-0.35709518,0,2925258,2927738,2481,"-"
"SCO2684","whiAvsWT_48h",-0.876073333,0,2925258,2927738,2481,"-"
"SCO2684","whiHvsWT_18h",0.028719589,0,2925258,2927738,2481,"-"
"SCO2684","whiHvsWT_36h",-0.278440762,0,2925258,2927738,2481,"-"
"SCO2684","whiHvsWT_48h",-0.461660384,0,2925258,2927738,2481,"-"
"SCO2704","whiAvsWT_36h",-1.186051756,0,2946094,2946828,735,"-"
"SCO2704","whiAvsWT_48h",-1.775075665,0,2946094,2946828,735,"-"
"SCO2704","whiHvsWT_36h",-0.511205496,0,2946094,2946828,735,"-"
"SCO2704","whiHvsWT_48h",-1.254230563,0,2946094,2946828,735,"-"
"SCO2716","whiAvsWT_18h",0.003143718,0,2960170,2960928,759,"-"
"SCO2716","whiAvsWT_36h",-1.566456942,0,2960170,2960928,759,"-"
"SCO2716","whiAvsWT_48h",-2.367195383,0,2960170,2960928,759,"-"
"SCO2716","whiHvsWT_18h",0.299141646,0,2960170,2960928,759,"-"
"SCO2716","whiHvsWT_36h",0.170918602,0,2960170,2960928,759,"-"
"SCO2716","whiHvsWT_48h",-0.114817678,0,2960170,2960928,759,"-"
"SCO2717","whiAvsWT_18h",-0.050098688,0,2961104,2961331,228,"-"
"SCO2717","whiAvsWT_36h",-1.661119682,0,2961104,2961331,228,"-"
"SCO2717","whiAvsWT_48h",-2.708498089,0,2961104,2961331,228,"-"
"SCO2717","whiHvsWT_18h",-0.045568997,0,2961104,2961331,228,"-"
"SCO2717","whiHvsWT_36h",-0.134287712,0,2961104,2961331,228,"-"
"SCO2717","whiHvsWT_48h",-0.468988934,0,2961104,2961331,228,"-"
"SCO2718","whiAvsWT_18h",-0.103973645,0,2961619,2962014,396,"-"
"SCO2718","whiAvsWT_36h",-0.445692797,0,2961619,2962014,396,"-"
"SCO2718","whiAvsWT_48h",-0.941663316,0,2961619,2962014,396,"-"
"SCO2718","whiHvsWT_18h",-0.018803646,0,2961619,2962014,396,"-"
"SCO2718","whiHvsWT_36h",0.52134008,0,2961619,2962014,396,"-"
"SCO2718","whiHvsWT_48h",0.302870392,0,2961619,2962014,396,"-"
"SCO2719","whiAvsWT_18h",-0.108198211,0,2962235,2962678,444,"+"
"SCO2719","whiAvsWT_36h",-0.181638073,0,2962235,2962678,444,"+"
"SCO2719","whiAvsWT_48h",-0.689101739,0,2962235,2962678,444,"+"
"SCO2719","whiHvsWT_18h",0.078196342,0,2962235,2962678,444,"+"
"SCO2719","whiHvsWT_36h",0.427270503,0,2962235,2962678,444,"+"
"SCO2719","whiHvsWT_48h",0.115587556,0,2962235,2962678,444,"+"
"SCO2758","whiAvsWT_36h",-0.177448328,0,3004794,3006641,1848,"+"
"SCO2758","whiAvsWT_48h",-1.239603793,0,3004794,3006641,1848,"+"
"SCO2758","whiHvsWT_36h",0.49529915,0,3004794,3006641,1848,"+"
"SCO2758","whiHvsWT_48h",-0.157312977,0,3004794,3006641,1848,"+"
"SCO2783","whiAvsWT_18h",0.364364943,0,3037106,3038347,1242,"+"
"SCO2783","whiAvsWT_48h",-0.100010423,0,3037106,3038347,1242,"+"
"SCO2783","whiHvsWT_36h",-0.098439186,0,3037106,3038347,1242,"+"
"SCO2783","whiHvsWT_48h",0.105795804,0,3037106,3038347,1242,"+"
"SCO2870","whiAvsWT_18h",0.349535718,0,3125334,3125630,297,"+"
"SCO2870","whiAvsWT_36h",-0.020916716,0,3125334,3125630,297,"+"
"SCO2870","whiAvsWT_48h",-0.127054307,0,3125334,3125630,297,"+"
"SCO2870","whiHvsWT_18h",0.430321466,0,3125334,3125630,297,"+"
"SCO2870","whiHvsWT_36h",0.079122261,0,3125334,3125630,297,"+"
"SCO2870","whiHvsWT_48h",0.038350383,0,3125334,3125630,297,"+"
"SCO2924","whiAvsWT_18h",0.042214822,0,3175140,3175568,429,"+"
"SCO2924","whiAvsWT_36h",-0.856024492,0,3175140,3175568,429,"+"
"SCO2924","whiAvsWT_48h",-0.915668766,0,3175140,3175568,429,"+"
"SCO2924","whiHvsWT_18h",-0.127568568,0,3175140,3175568,429,"+"
"SCO2924","whiHvsWT_36h",-0.217117434,0,3175140,3175568,429,"+"
"SCO2924","whiHvsWT_48h",-0.932355292,0,3175140,3175568,429,"+"
"SCO2939","whiAvsWT_18h",0.245072628,0,3192115,3192897,783,"-"
"SCO2939","whiAvsWT_36h",0.018046969,0,3192115,3192897,783,"-"
"SCO2939","whiAvsWT_48h",-0.11976073,0,3192115,3192897,783,"-"
"SCO2939","whiHvsWT_18h",0.181661508,0,3192115,3192897,783,"-"
"SCO2939","whiHvsWT_36h",0.313355062,0,3192115,3192897,783,"-"
"SCO2939","whiHvsWT_48h",0.30614026,0,3192115,3192897,783,"-"
"SCO2944","whiAvsWT_18h",-0.03511766,0,3200405,3201250,846,"-"
"SCO2944","whiAvsWT_36h",-1.368989067,0,3200405,3201250,846,"-"
"SCO2944","whiAvsWT_48h",-2.418878067,0,3200405,3201250,846,"-"
"SCO2944","whiHvsWT_18h",-0.292715207,0,3200405,3201250,846,"-"
"SCO2944","whiHvsWT_36h",-1.174867528,0,3200405,3201250,846,"-"
"SCO2944","whiHvsWT_48h",-1.505307848,0,3200405,3201250,846,"-"
"SCO2959","whiAvsWT_18h",-0.081228891,0,3216421,3217779,1359,"-"
"SCO2959","whiAvsWT_36h",-0.257833651,0,3216421,3217779,1359,"-"
"SCO2959","whiAvsWT_48h",-0.883481323,0,3216421,3217779,1359,"-"
"SCO2959","whiHvsWT_18h",-0.065826296,0,3216421,3217779,1359,"-"
"SCO2959","whiHvsWT_36h",-0.177714458,0,3216421,3217779,1359,"-"
"SCO2959","whiHvsWT_48h",-0.481833573,0,3216421,3217779,1359,"-"
"SCO2971","whiAvsWT_18h",0.098931881,0,3231048,3231839,792,"-"
"SCO2971","whiAvsWT_36h",0.447963651,0,3231048,3231839,792,"-"
"SCO2971","whiAvsWT_48h",0.524665029,0,3231048,3231839,792,"-"
"SCO2971","whiHvsWT_18h",0.110925535,0,3231048,3231839,792,"-"
"SCO2971","whiHvsWT_36h",0.124551663,0,3231048,3231839,792,"-"
"SCO2971","whiHvsWT_48h",0.264339694,0,3231048,3231839,792,"-"
"SCO3034","whiAvsWT_18h",0.151221716,0,3320753,3321016,264,"-"
"SCO3034","whiAvsWT_36h",-0.008378426,0,3320753,3321016,264,"-"
"SCO3034","whiAvsWT_48h",-0.427062187,0,3320753,3321016,264,"-"
"SCO3034","whiHvsWT_36h",0.130191334,0,3320753,3321016,264,"-"
"SCO3034","whiHvsWT_48h",-0.262220046,0,3320753,3321016,264,"-"
"SCO3040","whiAvsWT_18h",0.130501482,0,3326959,3328209,1251,"-"
"SCO3040","whiAvsWT_36h",-0.106938271,0,3326959,3328209,1251,"-"
"SCO3040","whiAvsWT_48h",-0.066949019,0,3326959,3328209,1251,"-"
"SCO3040","whiHvsWT_18h",0.107889954,0,3326959,3328209,1251,"-"
"SCO3040","whiHvsWT_36h",0.147418615,0,3326959,3328209,1251,"-"
"SCO3040","whiHvsWT_48h",0.356357984,0,3326959,3328209,1251,"-"
"SCO3113","whiAvsWT_18h",0.370801782,0,NA,NA,NA,NA
"SCO3113","whiAvsWT_36h",0.484670081,0,NA,NA,NA,NA
"SCO3113","whiAvsWT_48h",1.037614387,0,NA,NA,NA,NA
"SCO3113","whiHvsWT_18h",-0.028837293,0,NA,NA,NA,NA
"SCO3113","whiHvsWT_36h",0.656771848,0,NA,NA,NA,NA
"SCO3113","whiHvsWT_48h",0.930818266,0,NA,NA,NA,NA
"SCO3136","whiAvsWT_18h",0.114973621,0,3436463,3437626,1164,"-"
"SCO3136","whiAvsWT_36h",-0.030772285,0,3436463,3437626,1164,"-"
"SCO3136","whiAvsWT_48h",-0.100743809,0,3436463,3437626,1164,"-"
"SCO3136","whiHvsWT_18h",0.096887355,0,3436463,3437626,1164,"-"
"SCO3136","whiHvsWT_36h",-0.027566711,0,3436463,3437626,1164,"-"
"SCO3136","whiHvsWT_48h",-0.044881275,0,3436463,3437626,1164,"-"
"SCO3156","whiAvsWT_18h",-0.785845389,0,3457367,3458992,1626,"+"
"SCO3156","whiAvsWT_36h",0.106076434,0,3457367,3458992,1626,"+"
"SCO3161","whiAvsWT_18h",0.080707119,0,3463196,3463978,783,"+"
"SCO3161","whiAvsWT_36h",0.04412835,0,3463196,3463978,783,"+"
"SCO3161","whiAvsWT_48h",-0.079056675,0,3463196,3463978,783,"+"
"SCO3161","whiHvsWT_18h",0.09885503,0,3463196,3463978,783,"+"
"SCO3161","whiHvsWT_36h",0.012746473,0,3463196,3463978,783,"+"
"SCO3161","whiHvsWT_48h",-0.11221402,0,3463196,3463978,783,"+"
"SCO3169","whiAvsWT_18h",0.048138423,0,3473958,3474185,228,"-"
"SCO3169","whiAvsWT_36h",-0.222821356,0,3473958,3474185,228,"-"
"SCO3169","whiAvsWT_48h",-0.785618201,0,3473958,3474185,228,"-"
"SCO3169","whiHvsWT_18h",-0.058103535,0,3473958,3474185,228,"-"
"SCO3169","whiHvsWT_36h",-0.203420812,0,3473958,3474185,228,"-"
"SCO3169","whiHvsWT_48h",-0.232032644,0,3473958,3474185,228,"-"
"SCO3182","whiAvsWT_18h",-0.083537363,0,3486550,3487461,912,"-"
"SCO3182","whiAvsWT_48h",0.093702164,0,3486550,3487461,912,"-"
"SCO3182","whiHvsWT_18h",-0.006827627,0,3486550,3487461,912,"-"
"SCO3182","whiHvsWT_36h",0.066958662,0,3486550,3487461,912,"-"
"SCO3182","whiHvsWT_48h",0.493309975,0,3486550,3487461,912,"-"
"SCO3191","whiAvsWT_18h",0.172719126,0,3497181,3497357,177,"-"
"SCO3191","whiAvsWT_36h",-0.04887654,0,3497181,3497357,177,"-"
"SCO3191","whiAvsWT_48h",-0.140467563,0,3497181,3497357,177,"-"
"SCO3191","whiHvsWT_18h",0.161939571,0,3497181,3497357,177,"-"
"SCO3191","whiHvsWT_36h",-0.022804836,0,3497181,3497357,177,"-"
"SCO3191","whiHvsWT_48h",-0.050316404,0,3497181,3497357,177,"-"
"SCO3288","whiAvsWT_18h",0.465643824,0,3636856,3637587,732,"+"
"SCO3288","whiAvsWT_36h",-0.017569984,0,3636856,3637587,732,"+"
"SCO3288","whiAvsWT_48h",-0.045962702,0,3636856,3637587,732,"+"
"SCO3288","whiHvsWT_18h",0.279271054,0,3636856,3637587,732,"+"
"SCO3288","whiHvsWT_36h",-0.004943897,0,3636856,3637587,732,"+"
"SCO3288","whiHvsWT_48h",0.078704034,0,3636856,3637587,732,"+"
"SCO3311","whiAvsWT_18h",-0.055683333,0,3662050,3663042,993,"-"
"SCO3311","whiAvsWT_36h",-0.838710451,0,3662050,3663042,993,"-"
"SCO3311","whiAvsWT_48h",-1.047178286,0,3662050,3663042,993,"-"
"SCO3311","whiHvsWT_18h",0.031003769,0,3662050,3663042,993,"-"
"SCO3311","whiHvsWT_36h",-0.800330469,0,3662050,3663042,993,"-"
"SCO3311","whiHvsWT_48h",-1.059715083,0,3662050,3663042,993,"-"
"SCO3324","whiAvsWT_18h",0.292970571,0,3676214,3677473,1260,"+"
"SCO3324","whiAvsWT_36h",0.032199401,0,3676214,3677473,1260,"+"
"SCO3324","whiAvsWT_48h",-0.01122641,0,3676214,3677473,1260,"+"
"SCO3324","whiHvsWT_18h",0.196654221,0,3676214,3677473,1260,"+"
"SCO3324","whiHvsWT_36h",0.102554646,0,3676214,3677473,1260,"+"
"SCO3324","whiHvsWT_48h",0.132723606,0,3676214,3677473,1260,"+"
"SCO3349","whiAvsWT_18h",0.44447992,0,3707399,3708214,816,"+"
"SCO3349","whiAvsWT_36h",-0.076466871,0,3707399,3708214,816,"+"
"SCO3349","whiAvsWT_48h",0.005368573,0,3707399,3708214,816,"+"
"SCO3349","whiHvsWT_18h",0.26060081,0,3707399,3708214,816,"+"
"SCO3349","whiHvsWT_36h",0.061351332,0,3707399,3708214,816,"+"
"SCO3349","whiHvsWT_48h",0.033915384,0,3707399,3708214,816,"+"
"SCO3357","whiAvsWT_18h",-0.032035898,0,3716194,3716802,609,"+"
"SCO3357","whiAvsWT_36h",0.546048285,0,3716194,3716802,609,"+"
"SCO3357","whiAvsWT_48h",0.838201107,0,3716194,3716802,609,"+"
"SCO3357","whiHvsWT_18h",-0.093989427,0,3716194,3716802,609,"+"
"SCO3357","whiHvsWT_36h",0.37563665,0,3716194,3716802,609,"+"
"SCO3357","whiHvsWT_48h",0.301197145,0,3716194,3716802,609,"+"
"SCO3375","whiAvsWT_18h",0.067102139,0,3740100,3740435,336,"-"
"SCO3375","whiAvsWT_48h",0.774620942,0,3740100,3740435,336,"-"
"SCO3375","whiHvsWT_48h",0.50982568,0,3740100,3740435,336,"-"
"SCO3378","whiAvsWT_18h",-0.06543262,0,3741763,3741942,180,"-"
"SCO3378","whiAvsWT_36h",-0.304167377,0,3741763,3741942,180,"-"
"SCO3378","whiAvsWT_48h",-0.883100875,0,3741763,3741942,180,"-"
"SCO3378","whiHvsWT_18h",-0.093603136,0,3741763,3741942,180,"-"
"SCO3378","whiHvsWT_36h",-0.525955196,0,3741763,3741942,180,"-"
"SCO3378","whiHvsWT_48h",-0.913853682,0,3741763,3741942,180,"-"
"SCO3379","whiAvsWT_36h",-0.806607587,0,3741966,3742592,627,"-"
"SCO3379","whiAvsWT_48h",-0.753661032,0,3741966,3742592,627,"-"
"SCO3379","whiHvsWT_18h",0.055423664,0,3741966,3742592,627,"-"
"SCO3379","whiHvsWT_36h",-0.503231464,0,3741966,3742592,627,"-"
"SCO3400","whiAvsWT_18h",0.042707946,0,3765814,3766173,360,"+"
"SCO3400","whiAvsWT_48h",0.308619964,0,3765814,3766173,360,"+"
"SCO3400","whiHvsWT_36h",0.286780969,0,3765814,3766173,360,"+"
"SCO3400","whiHvsWT_48h",0.056037263,0,3765814,3766173,360,"+"
"SCO3405","whiAvsWT_18h",0.244367357,0,3770329,3770892,564,"-"
"SCO3405","whiAvsWT_36h",-0.202255639,0,3770329,3770892,564,"-"
"SCO3405","whiAvsWT_48h",-0.433115173,0,3770329,3770892,564,"-"
"SCO3405","whiHvsWT_18h",-0.022824961,0,3770329,3770892,564,"-"
"SCO3405","whiHvsWT_36h",0.135215352,0,3770329,3770892,564,"-"
"SCO3405","whiHvsWT_48h",-0.243727,0,3770329,3770892,564,"-"
"SCO3409","whiAvsWT_18h",-0.106700711,0,3775145,3775636,492,"+"
"SCO3409","whiAvsWT_36h",0.057487935,0,3775145,3775636,492,"+"
"SCO3409","whiAvsWT_48h",0.243491427,0,3775145,3775636,492,"+"
"SCO3409","whiHvsWT_18h",0.145361756,0,3775145,3775636,492,"+"
"SCO3409","whiHvsWT_36h",0.266060203,0,3775145,3775636,492,"+"
"SCO3409","whiHvsWT_48h",0.11264063,0,3775145,3775636,492,"+"
"SCO3444","whiAvsWT_18h",0.284613025,0,3806179,3808032,1854,"-"
"SCO3444","whiAvsWT_36h",0.724253101,0,3806179,3808032,1854,"-"
"SCO3444","whiAvsWT_48h",1.542455887,0,3806179,3808032,1854,"-"
"SCO3444","whiHvsWT_18h",-0.208570151,0,3806179,3808032,1854,"-"
"SCO3444","whiHvsWT_36h",-0.163459861,0,3806179,3808032,1854,"-"
"SCO3444","whiHvsWT_48h",0.039039325,0,3806179,3808032,1854,"-"
"SCO3505","whiAvsWT_18h",-0.099828377,0,3872165,3873454,1290,"-"
"SCO3505","whiAvsWT_36h",-0.426667721,0,3872165,3873454,1290,"-"
"SCO3505","whiAvsWT_48h",-0.617283105,0,3872165,3873454,1290,"-"
"SCO3505","whiHvsWT_18h",0.086967067,0,3872165,3873454,1290,"-"
"SCO3505","whiHvsWT_36h",-0.054258123,0,3872165,3873454,1290,"-"
"SCO3505","whiHvsWT_48h",-0.061121345,0,3872165,3873454,1290,"-"
"SCO3514","whiAvsWT_18h",0.396543541,0,3882333,3883742,1410,"+"
"SCO3514","whiAvsWT_36h",-0.122059676,0,3882333,3883742,1410,"+"
"SCO3514","whiAvsWT_48h",0.00689132,0,3882333,3883742,1410,"+"
"SCO3514","whiHvsWT_18h",0.436422791,0,3882333,3883742,1410,"+"
"SCO3514","whiHvsWT_36h",0.035730691,0,3882333,3883742,1410,"+"
"SCO3515","whiAvsWT_18h",0.138899084,0,3883874,3885340,1467,"+"
"SCO3515","whiAvsWT_36h",-0.438341048,0,3883874,3885340,1467,"+"
"SCO3515","whiAvsWT_48h",-0.642104678,0,3883874,3885340,1467,"+"
"SCO3515","whiHvsWT_18h",0.061254742,0,3883874,3885340,1467,"+"
"SCO3515","whiHvsWT_36h",-0.085736987,0,3883874,3885340,1467,"+"
"SCO3515","whiHvsWT_48h",-0.14808115,0,3883874,3885340,1467,"+"
"SCO3521","whiAvsWT_18h",0.175051207,0,3889752,3890456,705,"-"
"SCO3521","whiAvsWT_36h",-0.080422325,0,3889752,3890456,705,"-"
"SCO3521","whiAvsWT_48h",-0.328521958,0,3889752,3890456,705,"-"
"SCO3521","whiHvsWT_18h",0.091331406,0,3889752,3890456,705,"-"
"SCO3521","whiHvsWT_36h",0.091130837,0,3889752,3890456,705,"-"
"SCO3521","whiHvsWT_48h",-0.004660395,0,3889752,3890456,705,"-"
"SCO3538","whiAvsWT_18h",0.313556264,0,3906058,3906801,744,"-"
"SCO3538","whiAvsWT_36h",-0.083210918,0,3906058,3906801,744,"-"
"SCO3538","whiAvsWT_48h",-0.019209447,0,3906058,3906801,744,"-"
"SCO3538","whiHvsWT_18h",0.394424912,0,3906058,3906801,744,"-"
"SCO3538","whiHvsWT_36h",0.009700915,0,3906058,3906801,744,"-"
"SCO3538","whiHvsWT_48h",-0.020343903,0,3906058,3906801,744,"-"
"SCO3544","whiAvsWT_18h",-0.093973746,0,3918154,3918552,399,"-"
"SCO3544","whiAvsWT_36h",-0.29909419,0,3918154,3918552,399,"-"
"SCO3544","whiAvsWT_48h",-0.435355607,0,3918154,3918552,399,"-"
"SCO3544","whiHvsWT_18h",0.048147463,0,3918154,3918552,399,"-"
"SCO3544","whiHvsWT_36h",0.006193243,0,3918154,3918552,399,"-"
"SCO3544","whiHvsWT_48h",-0.105061804,0,3918154,3918552,399,"-"
"SCO3573","whiAvsWT_18h",0.404366022,0,3951924,3952862,939,"-"
"SCO3573","whiAvsWT_36h",-0.444763473,0,3951924,3952862,939,"-"
"SCO3573","whiHvsWT_18h",0.358838138,0,3951924,3952862,939,"-"
"SCO3573","whiHvsWT_36h",-0.69656086,0,3951924,3952862,939,"-"
"SCO3589","whiAvsWT_18h",0.790840084,0,3966835,3967929,1095,"-"
"SCO3589","whiAvsWT_48h",-0.408305639,0,3966835,3967929,1095,"-"
"SCO3589","whiHvsWT_36h",-0.050170683,0,3966835,3967929,1095,"-"
"SCO3589","whiHvsWT_48h",-0.242734414,0,3966835,3967929,1095,"-"
"SCO3594","whiAvsWT_18h",-0.309050319,0,3971293,3972306,1014,"+"
"SCO3594","whiAvsWT_48h",-0.253704119,0,3971293,3972306,1014,"+"
"SCO3594","whiHvsWT_18h",-0.742201921,0,3971293,3972306,1014,"+"
"SCO3594","whiHvsWT_36h",-0.037771903,0,3971293,3972306,1014,"+"
"SCO3594","whiHvsWT_48h",0.142613841,0,3971293,3972306,1014,"+"
"SCO3596","whiAvsWT_18h",1.457044946,0,3973354,3973962,609,"+"
"SCO3596","whiAvsWT_36h",0.21476097,0,3973354,3973962,609,"+"
"SCO3596","whiAvsWT_48h",-0.294445673,0,3973354,3973962,609,"+"
"SCO3596","whiHvsWT_36h",-0.324478479,0,3973354,3973962,609,"+"
"SCO3596","whiHvsWT_48h",-0.068326174,0,3973354,3973962,609,"+"
"SCO3636","whiAvsWT_18h",0.393641249,0,4013901,4015136,1236,"-"
"SCO3636","whiAvsWT_36h",-0.072929553,0,4013901,4015136,1236,"-"
"SCO3636","whiAvsWT_48h",-0.075166813,0,4013901,4015136,1236,"-"
"SCO3636","whiHvsWT_18h",0.480284599,0,4013901,4015136,1236,"-"
"SCO3636","whiHvsWT_36h",0.261178302,0,4013901,4015136,1236,"-"
"SCO3636","whiHvsWT_48h",0.219293639,0,4013901,4015136,1236,"-"
"SCO3659","whiAvsWT_18h",0.153060127,0,4037975,4038511,537,"-"
"SCO3659","whiAvsWT_36h",-0.23599062,0,4037975,4038511,537,"-"
"SCO3659","whiAvsWT_48h",-0.301171167,0,4037975,4038511,537,"-"
"SCO3659","whiHvsWT_18h",0.346967304,0,4037975,4038511,537,"-"
"SCO3659","whiHvsWT_36h",-0.188438183,0,4037975,4038511,537,"-"
"SCO3659","whiHvsWT_48h",-0.05928316,0,4037975,4038511,537,"-"
"SCO3750","whiAvsWT_18h",0.087639378,0,4120212,4121462,1251,"-"
"SCO3750","whiAvsWT_36h",-0.249069086,0,4120212,4121462,1251,"-"
"SCO3750","whiAvsWT_48h",-0.615941312,0,4120212,4121462,1251,"-"
"SCO3750","whiHvsWT_36h",0.185799255,0,4120212,4121462,1251,"-"
"SCO3750","whiHvsWT_48h",0.111735631,0,4120212,4121462,1251,"-"
"SCO3754","whiAvsWT_36h",0.243205292,0,4125465,4127978,2514,"-"
"SCO3754","whiAvsWT_48h",0.137778775,0,4125465,4127978,2514,"-"
"SCO3754","whiHvsWT_36h",0.236523211,0,4125465,4127978,2514,"-"
"SCO3754","whiHvsWT_48h",0.210944408,0,4125465,4127978,2514,"-"
"SCO3776","whiAvsWT_18h",0.199026529,0,4151301,4151843,543,"+"
"SCO3776","whiAvsWT_36h",-0.451144517,0,4151301,4151843,543,"+"
"SCO3776","whiHvsWT_36h",-0.721397477,0,4151301,4151843,543,"+"
"SCO3801","whiAvsWT_18h",0.468965723,0,4181609,4182907,1299,"+"
"SCO3801","whiAvsWT_36h",-0.081702688,0,4181609,4182907,1299,"+"
"SCO3801","whiAvsWT_48h",-0.122676722,0,4181609,4182907,1299,"+"
"SCO3801","whiHvsWT_18h",0.47298907,0,4181609,4182907,1299,"+"
"SCO3801","whiHvsWT_48h",0.154981905,0,4181609,4182907,1299,"+"
"SCO3856","whiAvsWT_18h",-0.08793425,0,4240850,4241383,534,"-"
"SCO3856","whiAvsWT_36h",-0.145633886,0,4240850,4241383,534,"-"
"SCO3856","whiAvsWT_48h",-0.104727073,0,4240850,4241383,534,"-"
"SCO3856","whiHvsWT_18h",0.434285036,0,4240850,4241383,534,"-"
"SCO3856","whiHvsWT_36h",-0.186299267,0,4240850,4241383,534,"-"
"SCO3856","whiHvsWT_48h",0.133410443,0,4240850,4241383,534,"-"
"SCO3857","whiAvsWT_18h",-0.047741997,0,4241704,4242402,699,"+"
"SCO3857","whiAvsWT_48h",-0.964397322,0,4241704,4242402,699,"+"
"SCO3857","whiHvsWT_18h",-0.420107725,0,4241704,4242402,699,"+"
"SCO3857","whiHvsWT_36h",-0.736586153,0,4241704,4242402,699,"+"
"SCO3857","whiHvsWT_48h",-0.761069366,0,4241704,4242402,699,"+"
"SCO3871","whiAvsWT_36h",-1.077576679,0,4258993,4259403,411,"+"
"SCO3871","whiAvsWT_48h",-1.766040276,0,4258993,4259403,411,"+"
"SCO3871","whiHvsWT_48h",-1.150409734,0,4258993,4259403,411,"+"
"SCO3951","whiAvsWT_18h",0.278616383,0,4351038,4352000,963,"-"
"SCO3951","whiAvsWT_36h",0.647206311,0,4351038,4352000,963,"-"
"SCO3951","whiAvsWT_48h",1.043426474,0,4351038,4352000,963,"-"
"SCO3951","whiHvsWT_18h",-0.037477592,0,4351038,4352000,963,"-"
"SCO3951","whiHvsWT_36h",0.030173201,0,4351038,4352000,963,"-"
"SCO3951","whiHvsWT_48h",0.169251725,0,4351038,4352000,963,"-"
"SCO3975","whiAvsWT_18h",-0.021493222,0,4377505,4378143,639,"-"
"SCO3975","whiAvsWT_36h",-0.038670108,0,4377505,4378143,639,"-"
"SCO3975","whiAvsWT_48h",-0.329526604,0,4377505,4378143,639,"-"
"SCO3975","whiHvsWT_18h",0.152962935,0,4377505,4378143,639,"-"
"SCO3975","whiHvsWT_36h",0.272675871,0,4377505,4378143,639,"-"
"SCO3975","whiHvsWT_48h",-0.111508103,0,4377505,4378143,639,"-"
"SCO3977","whiAvsWT_18h",0.464220109,0,4379364,4380923,1560,"+"
"SCO3977","whiAvsWT_36h",-0.158185305,0,4379364,4380923,1560,"+"
"SCO3977","whiAvsWT_48h",-0.055035022,0,4379364,4380923,1560,"+"
"SCO3977","whiHvsWT_18h",0.353076804,0,4379364,4380923,1560,"+"
"SCO3977","whiHvsWT_36h",-0.036334763,0,4379364,4380923,1560,"+"
"SCO3977","whiHvsWT_48h",0.103211354,0,4379364,4380923,1560,"+"
"SCO4002","whiAvsWT_36h",0.024957697,0,4396912,4397238,327,"+"
"SCO4131","whiAvsWT_18h",0.097098754,0,4545338,4545646,309,"-"
"SCO4131","whiAvsWT_36h",0.078785583,0,4545338,4545646,309,"-"
"SCO4131","whiAvsWT_48h",0.104352613,0,4545338,4545646,309,"-"
"SCO4131","whiHvsWT_18h",-0.130723697,0,4545338,4545646,309,"-"
"SCO4131","whiHvsWT_36h",0.162995979,0,4545338,4545646,309,"-"
"SCO4131","whiHvsWT_48h",0.234652748,0,4545338,4545646,309,"-"
"SCO4145","whiAvsWT_18h",-0.059658436,0,4559965,4562289,2325,"-"
"SCO4145","whiAvsWT_36h",-0.015836619,0,4559965,4562289,2325,"-"
"SCO4145","whiAvsWT_48h",0.459265329,0,4559965,4562289,2325,"-"
"SCO4145","whiHvsWT_18h",0.090068732,0,4559965,4562289,2325,"-"
"SCO4145","whiHvsWT_36h",-0.393059343,0,4559965,4562289,2325,"-"
"SCO4145","whiHvsWT_48h",0.367971279,0,4559965,4562289,2325,"-"
"SCO4157","whiAvsWT_48h",-2.114545947,0,4573948,4574991,1044,"-"
"SCO4157","whiHvsWT_36h",-0.76925302,0,4573948,4574991,1044,"-"
"SCO4157","whiHvsWT_48h",-0.953372084,0,4573948,4574991,1044,"-"
"SCO4187","whiAvsWT_18h",0.492204583,0,4597040,4597225,186,"-"
"SCO4187","whiAvsWT_36h",0.730955193,0,4597040,4597225,186,"-"
"SCO4187","whiAvsWT_48h",2.746218212,0,4597040,4597225,186,"-"
"SCO4187","whiHvsWT_18h",-0.359280044,0,4597040,4597225,186,"-"
"SCO4187","whiHvsWT_36h",0.384894666,0,4597040,4597225,186,"-"
"SCO4187","whiHvsWT_48h",0.040618318,0,4597040,4597225,186,"-"
"SCO4206","whiAvsWT_18h",0.038001357,0,4615154,4615969,816,"-"
"SCO4206","whiAvsWT_36h",-0.138607338,0,4615154,4615969,816,"-"
"SCO4206","whiAvsWT_48h",0.382642019,0,4615154,4615969,816,"-"
"SCO4206","whiHvsWT_18h",0.118876083,0,4615154,4615969,816,"-"
"SCO4206","whiHvsWT_36h",-0.066726203,0,4615154,4615969,816,"-"
"SCO4206","whiHvsWT_48h",0.077187631,0,4615154,4615969,816,"-"
"SCO4213","whiAvsWT_36h",0.305332153,0,4621091,4622725,1635,"+"
"SCO4213","whiAvsWT_48h",0.35820874,0,4621091,4622725,1635,"+"
"SCO4213","whiHvsWT_36h",0.171575902,0,4621091,4622725,1635,"+"
"SCO4213","whiHvsWT_48h",-0.025953902,0,4621091,4622725,1635,"+"
"SCO4229","whiAvsWT_48h",0.910016246,0,4633199,4634479,1281,"+"
"SCO4229","whiHvsWT_18h",-0.038970233,0,4633199,4634479,1281,"+"
"SCO4229","whiHvsWT_36h",0.69458669,0,4633199,4634479,1281,"+"
"SCO4229","whiHvsWT_48h",0.645627643,0,4633199,4634479,1281,"+"
"SCO4243","whiAvsWT_18h",-0.112441461,0,4649830,4650402,573,"-"
"SCO4243","whiAvsWT_48h",0.345731348,0,4649830,4650402,573,"-"
"SCO4243","whiHvsWT_18h",0.084631149,0,4649830,4650402,573,"-"
"SCO4243","whiHvsWT_36h",0.162289402,0,4649830,4650402,573,"-"
"SCO4243","whiHvsWT_48h",0.060861557,0,4649830,4650402,573,"-"
"SCO4253","whiAvsWT_18h",-0.261813241,0,4661315,4662919,1605,"-"
"SCO4253","whiAvsWT_36h",0.050034158,0,4661315,4662919,1605,"-"
"SCO4253","whiAvsWT_48h",0.688370832,0,4661315,4662919,1605,"-"
"SCO4253","whiHvsWT_18h",-0.288717274,0,4661315,4662919,1605,"-"
"SCO4253","whiHvsWT_36h",-0.278650194,0,4661315,4662919,1605,"-"
"SCO4253","whiHvsWT_48h",-0.157459824,0,4661315,4662919,1605,"-"
"SCO4320","whiAvsWT_18h",-0.057353379,0,4731774,4731893,120,"-"
"SCO4320","whiAvsWT_36h",-0.867170909,0,4731774,4731893,120,"-"
"SCO4320","whiAvsWT_48h",-1.479090978,0,4731774,4731893,120,"-"
"SCO4320","whiHvsWT_18h",0.071441606,0,4731774,4731893,120,"-"
"SCO4320","whiHvsWT_36h",0.303730861,0,4731774,4731893,120,"-"
"SCO4320","whiHvsWT_48h",-0.125562539,0,4731774,4731893,120,"-"
"SCO4356","whiAvsWT_18h",0.285005591,0,4770450,4771139,690,"-"
"SCO4356","whiAvsWT_36h",-0.031698249,0,4770450,4771139,690,"-"
"SCO4356","whiAvsWT_48h",-0.086538592,0,4770450,4771139,690,"-"
"SCO4356","whiHvsWT_18h",0.253859547,0,4770450,4771139,690,"-"
"SCO4356","whiHvsWT_36h",-0.012697554,0,4770450,4771139,690,"-"
"SCO4356","whiHvsWT_48h",0.037601631,0,4770450,4771139,690,"-"
"SCO4365","whiAvsWT_18h",0.105659581,0,4778003,4778245,243,"+"
"SCO4365","whiAvsWT_36h",0.208117154,0,4778003,4778245,243,"+"
"SCO4365","whiAvsWT_48h",-0.227775519,0,4778003,4778245,243,"+"
"SCO4365","whiHvsWT_18h",0.181070213,0,4778003,4778245,243,"+"
"SCO4365","whiHvsWT_48h",-0.013584849,0,4778003,4778245,243,"+"
"SCO4399","whiAvsWT_18h",-0.003073996,0,4816468,4817853,1386,"+"
"SCO4399","whiAvsWT_36h",0.041868858,0,4816468,4817853,1386,"+"
"SCO4399","whiAvsWT_48h",-0.106582319,0,4816468,4817853,1386,"+"
"SCO4399","whiHvsWT_18h",0.34140364,0,4816468,4817853,1386,"+"
"SCO4399","whiHvsWT_36h",0.139259361,0,4816468,4817853,1386,"+"
"SCO4399","whiHvsWT_48h",-0.100752675,0,4816468,4817853,1386,"+"
"SCO4412","whiAvsWT_18h",0.082966076,0,4829856,4830347,492,"+"
"SCO4412","whiAvsWT_36h",-0.487388854,0,4829856,4830347,492,"+"
"SCO4412","whiAvsWT_48h",-0.625867013,0,4829856,4830347,492,"+"
"SCO4412","whiHvsWT_18h",0.112790506,0,4829856,4830347,492,"+"
"SCO4412","whiHvsWT_36h",-0.452169867,0,4829856,4830347,492,"+"
"SCO4412","whiHvsWT_48h",-0.539901578,0,4829856,4830347,492,"+"
"SCO4421","whiAvsWT_18h",-0.086336602,0,4837557,4838192,636,"-"
"SCO4421","whiAvsWT_36h",-1.031311989,0,4837557,4838192,636,"-"
"SCO4421","whiAvsWT_48h",-1.619737079,0,4837557,4838192,636,"-"
"SCO4421","whiHvsWT_18h",-0.251132285,0,4837557,4838192,636,"-"
"SCO4421","whiHvsWT_36h",-0.809126086,0,4837557,4838192,636,"-"
"SCO4421","whiHvsWT_48h",-1.281678074,0,4837557,4838192,636,"-"
"SCO4442","whiAvsWT_18h",0.037253845,0,4864681,4864872,192,"+"
"SCO4442","whiAvsWT_36h",0.398312312,0,4864681,4864872,192,"+"
"SCO4442","whiAvsWT_48h",0.174773807,0,4864681,4864872,192,"+"
"SCO4442","whiHvsWT_18h",0.549836565,0,4864681,4864872,192,"+"
"SCO4442","whiHvsWT_36h",0.291587315,0,4864681,4864872,192,"+"
"SCO4442","whiHvsWT_48h",0.126289899,0,4864681,4864872,192,"+"
"SCO4488","whiAvsWT_18h",0.297817421,0,4907340,4909220,1881,"+"
"SCO4488","whiAvsWT_36h",-0.12818257,0,4907340,4909220,1881,"+"
"SCO4488","whiAvsWT_48h",-0.098517933,0,4907340,4909220,1881,"+"
"SCO4488","whiHvsWT_18h",0.385216489,0,4907340,4909220,1881,"+"
"SCO4488","whiHvsWT_36h",0.059563771,0,4907340,4909220,1881,"+"
"SCO4488","whiHvsWT_48h",0.143439973,0,4907340,4909220,1881,"+"
"SCO4509","whiAvsWT_18h",-0.076444138,0,4933782,4934156,375,"+"
"SCO4509","whiAvsWT_36h",0.532744844,0,4933782,4934156,375,"+"
"SCO4509","whiAvsWT_48h",0.676104311,0,4933782,4934156,375,"+"
"SCO4509","whiHvsWT_18h",0.131581511,0,4933782,4934156,375,"+"
"SCO4509","whiHvsWT_36h",0.612098804,0,4933782,4934156,375,"+"
"SCO4509","whiHvsWT_48h",0.825788696,0,4933782,4934156,375,"+"
"SCO4559","whiAvsWT_18h",0.029569992,0,4976516,4977808,1293,"+"
"SCO4559","whiAvsWT_36h",0.020555751,0,4976516,4977808,1293,"+"
"SCO4559","whiAvsWT_48h",0.284368028,0,4976516,4977808,1293,"+"
"SCO4559","whiHvsWT_18h",0.268679216,0,4976516,4977808,1293,"+"
"SCO4559","whiHvsWT_36h",-0.389230441,0,4976516,4977808,1293,"+"
"SCO4559","whiHvsWT_48h",-0.214022706,0,4976516,4977808,1293,"+"
"SCO4561","whiAvsWT_18h",0.240795001,0,4978629,4979462,834,"-"
"SCO4561","whiAvsWT_36h",-0.002690319,0,4978629,4979462,834,"-"
"SCO4561","whiAvsWT_48h",0.228649149,0,4978629,4979462,834,"-"
"SCO4561","whiHvsWT_18h",-0.180137422,0,4978629,4979462,834,"-"
"SCO4561","whiHvsWT_36h",-0.342768979,0,4978629,4979462,834,"-"
"SCO4561","whiHvsWT_48h",0.055746065,0,4978629,4979462,834,"-"
"SCO4570","whiAvsWT_18h",0.337973713,0,4989449,4990084,636,"+"
"SCO4570","whiAvsWT_36h",0.180195888,0,4989449,4990084,636,"+"
"SCO4570","whiAvsWT_48h",0.128613207,0,4989449,4990084,636,"+"
"SCO4570","whiHvsWT_18h",0.172220619,0,4989449,4990084,636,"+"
"SCO4570","whiHvsWT_36h",0.260991557,0,4989449,4990084,636,"+"
"SCO4570","whiHvsWT_48h",-0.108375528,0,4989449,4990084,636,"+"
"SCO4573","whiAvsWT_18h",-0.008655035,0,4991249,4993213,1965,"+"
"SCO4573","whiAvsWT_48h",-0.621106095,0,4991249,4993213,1965,"+"
"SCO4573","whiHvsWT_18h",0.217646951,0,4991249,4993213,1965,"+"
"SCO4573","whiHvsWT_36h",-0.308413671,0,4991249,4993213,1965,"+"
"SCO4573","whiHvsWT_48h",-0.432446289,0,4991249,4993213,1965,"+"
"SCO4587","whiAvsWT_18h",0.001750932,0,5009444,5010046,603,"-"
"SCO4587","whiAvsWT_36h",0.110852609,0,5009444,5010046,603,"-"
"SCO4587","whiAvsWT_48h",0.22307872,0,5009444,5010046,603,"-"
"SCO4587","whiHvsWT_18h",0.231818245,0,5009444,5010046,603,"-"
"SCO4587","whiHvsWT_36h",0.297352498,0,5009444,5010046,603,"-"
"SCO4587","whiHvsWT_48h",0.096527033,0,5009444,5010046,603,"-"
"SCO4676","whiAvsWT_18h",0.196396601,0,5107257,5108129,873,"-"
"SCO4676","whiAvsWT_36h",0.559178408,0,5107257,5108129,873,"-"
"SCO4676","whiAvsWT_48h",1.230109086,0,5107257,5108129,873,"-"
"SCO4676","whiHvsWT_18h",0.001847171,0,5107257,5108129,873,"-"
"SCO4676","whiHvsWT_36h",0.164022085,0,5107257,5108129,873,"-"
"SCO4676","whiHvsWT_48h",0.258937123,0,5107257,5108129,873,"-"
"SCO4701","whiAvsWT_18h",0.80657098,0,5127609,5127917,309,"+"
"SCO4701","whiAvsWT_36h",0.590514231,0,5127609,5127917,309,"+"
"SCO4701","whiAvsWT_48h",1.112336862,0,5127609,5127917,309,"+"
"SCO4701","whiHvsWT_18h",0.077115697,0,5127609,5127917,309,"+"
"SCO4701","whiHvsWT_36h",0.36748587,0,5127609,5127917,309,"+"
"SCO4701","whiHvsWT_48h",0.134501137,0,5127609,5127917,309,"+"
"SCO4702","whiAvsWT_18h",0.679008085,0,5127934,5128578,645,"+"
"SCO4702","whiAvsWT_36h",0.604987617,0,5127934,5128578,645,"+"
"SCO4702","whiAvsWT_48h",0.699133688,0,5127934,5128578,645,"+"
"SCO4702","whiHvsWT_18h",0.120134275,0,5127934,5128578,645,"+"
"SCO4702","whiHvsWT_36h",0.222838582,0,5127934,5128578,645,"+"
"SCO4702","whiHvsWT_48h",-0.162021611,0,5127934,5128578,645,"+"
"SCO4704","whiAvsWT_18h",0.755040259,0,5129246,5129665,420,"+"
"SCO4704","whiAvsWT_36h",0.692572736,0,5129246,5129665,420,"+"
"SCO4704","whiAvsWT_48h",0.877415252,0,5129246,5129665,420,"+"
"SCO4704","whiHvsWT_18h",-0.064304865,0,5129246,5129665,420,"+"
"SCO4704","whiHvsWT_36h",0.34359004,0,5129246,5129665,420,"+"
"SCO4704","whiHvsWT_48h",0.072974937,0,5129246,5129665,420,"+"
"SCO4705","whiAvsWT_18h",0.670366924,0,5129706,5130542,837,"+"
"SCO4705","whiAvsWT_36h",0.596199127,0,5129706,5130542,837,"+"
"SCO4705","whiAvsWT_48h",0.762179235,0,5129706,5130542,837,"+"
"SCO4705","whiHvsWT_18h",0.053298412,0,5129706,5130542,837,"+"
"SCO4705","whiHvsWT_36h",0.371228842,0,5129706,5130542,837,"+"
"SCO4705","whiHvsWT_48h",-0.007369396,0,5129706,5130542,837,"+"
"SCO4706","whiAvsWT_18h",0.784814877,0,5130555,5130836,282,"+"
"SCO4706","whiAvsWT_36h",0.638828469,0,5130555,5130836,282,"+"
"SCO4706","whiAvsWT_48h",0.764015394,0,5130555,5130836,282,"+"
"SCO4706","whiHvsWT_18h",0.094987875,0,5130555,5130836,282,"+"
"SCO4706","whiHvsWT_36h",0.234021624,0,5130555,5130836,282,"+"
"SCO4706","whiHvsWT_48h",0.036116054,0,5130555,5130836,282,"+"
"SCO4710","whiAvsWT_18h",0.861643835,0,5132484,5132708,225,"+"
"SCO4710","whiAvsWT_36h",0.76704959,0,5132484,5132708,225,"+"
"SCO4710","whiAvsWT_48h",0.778129808,0,5132484,5132708,225,"+"
"SCO4710","whiHvsWT_18h",0.13204541,0,5132484,5132708,225,"+"
"SCO4710","whiHvsWT_36h",0.224749679,0,5132484,5132708,225,"+"
"SCO4710","whiHvsWT_48h",-0.068022479,0,5132484,5132708,225,"+"
"SCO4724","whiAvsWT_18h",0.536898888,0,5139773,5140609,837,"+"
"SCO4724","whiAvsWT_36h",-0.046330129,0,5139773,5140609,837,"+"
"SCO4724","whiAvsWT_48h",0.022592981,0,5139773,5140609,837,"+"
"SCO4724","whiHvsWT_18h",0.5009938,0,5139773,5140609,837,"+"
"SCO4724","whiHvsWT_36h",-0.02361189,0,5139773,5140609,837,"+"
"SCO4724","whiHvsWT_48h",0.203769449,0,5139773,5140609,837,"+"
"SCO4784","whiAvsWT_18h",0.138625626,0,5204510,5204842,333,"-"
"SCO4784","whiAvsWT_36h",-0.586180749,0,5204510,5204842,333,"-"
"SCO4784","whiAvsWT_48h",-0.874727978,0,5204510,5204842,333,"-"
"SCO4784","whiHvsWT_36h",-0.267642546,0,5204510,5204842,333,"-"
"SCO4784","whiHvsWT_48h",-0.433572525,0,5204510,5204842,333,"-"
"SCO4803","whiAvsWT_48h",1.360183976,0,5228085,5229206,1122,"+"
"SCO4803","whiHvsWT_18h",0.059524465,0,5228085,5229206,1122,"+"
"SCO4803","whiHvsWT_48h",0.311454081,0,5228085,5229206,1122,"+"
"SCO4842","whiAvsWT_18h",-0.009965187,0,5274166,5275539,1374,"-"
"SCO4842","whiAvsWT_36h",-0.192080977,0,5274166,5275539,1374,"-"
"SCO4842","whiAvsWT_48h",-0.433707109,0,5274166,5275539,1374,"-"
"SCO4842","whiHvsWT_18h",0.206583043,0,5274166,5275539,1374,"-"
"SCO4842","whiHvsWT_36h",-0.025560859,0,5274166,5275539,1374,"-"
"SCO4842","whiHvsWT_48h",-0.333923324,0,5274166,5275539,1374,"-"
"SCO4854","whiAvsWT_18h",-0.104767536,0,5283653,5284273,621,"-"
"SCO4854","whiAvsWT_36h",0.000825205,0,5283653,5284273,621,"-"
"SCO4854","whiAvsWT_48h",-0.29953453,0,5283653,5284273,621,"-"
"SCO4854","whiHvsWT_18h",0.029226724,0,5283653,5284273,621,"-"
"SCO4854","whiHvsWT_36h",0.467947732,0,5283653,5284273,621,"-"
"SCO4854","whiHvsWT_48h",0.273278422,0,5283653,5284273,621,"-"
"SCO4881","whiAvsWT_36h",0.332877303,0,5313363,5314301,939,"+"
"SCO4881","whiAvsWT_48h",0.845734259,0,5313363,5314301,939,"+"
"SCO4881","whiHvsWT_18h",-0.048666482,0,5313363,5314301,939,"+"
"SCO4881","whiHvsWT_48h",0.490489391,0,5313363,5314301,939,"+"
"SCO4937","whiAvsWT_18h",-0.285336809,0,5372301,5372819,519,"-"
"SCO4937","whiAvsWT_36h",0.091915377,0,5372301,5372819,519,"-"
"SCO4937","whiAvsWT_48h",0.17467257,0,5372301,5372819,519,"-"
"SCO4937","whiHvsWT_18h",0.076242605,0,5372301,5372819,519,"-"
"SCO4937","whiHvsWT_36h",0.586393559,0,5372301,5372819,519,"-"
"SCO4937","whiHvsWT_48h",0.471725106,0,5372301,5372819,519,"-"
"SCO5046","whiAvsWT_18h",0.203179798,0,5486443,5486820,378,"+"
"SCO5046","whiAvsWT_36h",-0.32215572,0,5486443,5486820,378,"+"
"SCO5046","whiAvsWT_48h",-0.694710105,0,5486443,5486820,378,"+"
"SCO5046","whiHvsWT_18h",0.305877369,0,5486443,5486820,378,"+"
"SCO5046","whiHvsWT_36h",0.247791244,0,5486443,5486820,378,"+"
"SCO5046","whiHvsWT_48h",-0.154309776,0,5486443,5486820,378,"+"
"SCO5069","whiAvsWT_18h",0.15417608,0,5511271,5512227,957,"+"
"SCO5069","whiAvsWT_36h",0.173052743,0,5511271,5512227,957,"+"
"SCO5069","whiAvsWT_48h",-0.008666385,0,5511271,5512227,957,"+"
"SCO5069","whiHvsWT_18h",0.256310467,0,5511271,5512227,957,"+"
"SCO5069","whiHvsWT_36h",0.055864446,0,5511271,5512227,957,"+"
"SCO5069","whiHvsWT_48h",-0.040802965,0,5511271,5512227,957,"+"
"SCO5084","whiAvsWT_18h",-1.791644566,0,5525809,5527944,2136,"+"
"SCO5084","whiAvsWT_36h",-0.160154936,0,5525809,5527944,2136,"+"
"SCO5084","whiHvsWT_18h",0.482703784,0,5525809,5527944,2136,"+"
"SCO5084","whiHvsWT_36h",-0.165984777,0,5525809,5527944,2136,"+"
"SCO5084","whiHvsWT_48h",-0.089319335,0,5525809,5527944,2136,"+"
"SCO5161","whiAvsWT_18h",0.406188043,0,5608309,5609166,858,"+"
"SCO5161","whiAvsWT_36h",-0.066236819,0,5608309,5609166,858,"+"
"SCO5161","whiAvsWT_48h",-0.13768978,0,5608309,5609166,858,"+"
"SCO5161","whiHvsWT_18h",0.397342143,0,5608309,5609166,858,"+"
"SCO5161","whiHvsWT_36h",-0.021336537,0,5608309,5609166,858,"+"
"SCO5161","whiHvsWT_48h",-0.031300734,0,5608309,5609166,858,"+"
"SCO5189","whiAvsWT_18h",-0.096872719,0,5647169,5647570,402,"+"
"SCO5189","whiAvsWT_36h",0.695227067,0,5647169,5647570,402,"+"
"SCO5189","whiAvsWT_48h",2.138161314,0,5647169,5647570,402,"+"
"SCO5189","whiHvsWT_36h",0.002648995,0,5647169,5647570,402,"+"
"SCO5189","whiHvsWT_48h",0.046757949,0,5647169,5647570,402,"+"
"SCO5190","whiAvsWT_18h",-0.200327709,0,5647747,5648115,369,"+"
"SCO5190","whiAvsWT_36h",0.931824341,0,5647747,5648115,369,"+"
"SCO5190","whiAvsWT_48h",1.823501818,0,5647747,5648115,369,"+"
"SCO5190","whiHvsWT_18h",-0.027742353,0,5647747,5648115,369,"+"
"SCO5190","whiHvsWT_36h",0.090974363,0,5647747,5648115,369,"+"
"SCO5190","whiHvsWT_48h",0.19559425,0,5647747,5648115,369,"+"
"SCO5191","whiAvsWT_36h",1.152355452,0,5648112,5648435,324,"+"
"SCO5191","whiAvsWT_48h",2.476081135,0,5648112,5648435,324,"+"
"SCO5191","whiHvsWT_36h",-0.07787196,0,5648112,5648435,324,"+"
"SCO5191","whiHvsWT_48h",0.235165051,0,5648112,5648435,324,"+"
"SCO5199","whiAvsWT_18h",-0.220376819,0,5655945,5657408,1464,"-"
"SCO5199","whiAvsWT_36h",0.396724339,0,5655945,5657408,1464,"-"
"SCO5199","whiAvsWT_48h",0.764867775,0,5655945,5657408,1464,"-"
"SCO5199","whiHvsWT_18h",0.06245221,0,5655945,5657408,1464,"-"
"SCO5199","whiHvsWT_36h",0.327031115,0,5655945,5657408,1464,"-"
"SCO5199","whiHvsWT_48h",0.032882009,0,5655945,5657408,1464,"-"
"SCO5249","whiAvsWT_18h",0.172561225,0,5709624,5711030,1407,"+"
"SCO5249","whiAvsWT_36h",0.454682803,0,5709624,5711030,1407,"+"
"SCO5249","whiAvsWT_48h",-0.135258064,0,5709624,5711030,1407,"+"
"SCO5249","whiHvsWT_18h",0.56830627,0,5709624,5711030,1407,"+"
"SCO5249","whiHvsWT_36h",1.298345147,0,5709624,5711030,1407,"+"
"SCO5249","whiHvsWT_48h",0.964044081,0,5709624,5711030,1407,"+"
"SCO5251","whiAvsWT_18h",-0.084542433,0,5712608,5713246,639,"+"
"SCO5251","whiAvsWT_36h",0.190049893,0,5712608,5713246,639,"+"
"SCO5251","whiAvsWT_48h",0.764239891,0,5712608,5713246,639,"+"
"SCO5251","whiHvsWT_18h",-0.011361198,0,5712608,5713246,639,"+"
"SCO5251","whiHvsWT_36h",-0.098344705,0,5712608,5713246,639,"+"
"SCO5251","whiHvsWT_48h",0.08475102,0,5712608,5713246,639,"+"
"SCO5254","whiAvsWT_18h",-0.931477064,0,5714262,5714657,396,"-"
"SCO5254","whiAvsWT_36h",-0.181019409,0,5714262,5714657,396,"-"
"SCO5254","whiAvsWT_48h",-0.351007431,0,5714262,5714657,396,"-"
"SCO5254","whiHvsWT_18h",0.425571596,0,5714262,5714657,396,"-"
"SCO5254","whiHvsWT_36h",-0.101582794,0,5714262,5714657,396,"-"
"SCO5254","whiHvsWT_48h",-0.186062194,0,5714262,5714657,396,"-"
"SCO5270","whiAvsWT_18h",0.035054651,0,5730129,5731151,1023,"+"
"SCO5270","whiAvsWT_36h",0.062310588,0,5730129,5731151,1023,"+"
"SCO5270","whiAvsWT_48h",-0.72291777,0,5730129,5731151,1023,"+"
"SCO5270","whiHvsWT_18h",0.194897746,0,5730129,5731151,1023,"+"
"SCO5270","whiHvsWT_36h",0.317557851,0,5730129,5731151,1023,"+"
"SCO5270","whiHvsWT_48h",-0.073619406,0,5730129,5731151,1023,"+"
"SCO5277","whiAvsWT_18h",0.203024156,0,5742087,5743016,930,"+"
"SCO5277","whiAvsWT_36h",-0.010195928,0,5742087,5743016,930,"+"
"SCO5277","whiAvsWT_48h",0.031559375,0,5742087,5743016,930,"+"
"SCO5277","whiHvsWT_18h",0.253929006,0,5742087,5743016,930,"+"
"SCO5277","whiHvsWT_36h",-0.075909417,0,5742087,5743016,930,"+"
"SCO5277","whiHvsWT_48h",0.1051669,0,5742087,5743016,930,"+"
"SCO5316","whiAvsWT_18h",0.451524033,0,5786603,5786875,273,"-"
"SCO5316","whiAvsWT_36h",-2.124714114,0,5786603,5786875,273,"-"
"SCO5316","whiAvsWT_48h",-2.52957293,0,5786603,5786875,273,"-"
"SCO5316","whiHvsWT_18h",-0.032132912,0,5786603,5786875,273,"-"
"SCO5316","whiHvsWT_36h",-2.156784513,0,5786603,5786875,273,"-"
"SCO5316","whiHvsWT_48h",-1.731491636,0,5786603,5786875,273,"-"
"SCO5317","whiAvsWT_36h",-2.052505332,0,5786945,5788219,1275,"-"
"SCO5317","whiAvsWT_48h",-3.060553812,0,5786945,5788219,1275,"-"
"SCO5317","whiHvsWT_18h",-0.157873455,0,5786945,5788219,1275,"-"
"SCO5317","whiHvsWT_36h",-2.569800817,0,5786945,5788219,1275,"-"
"SCO5317","whiHvsWT_48h",-2.500366729,0,5786945,5788219,1275,"-"
"SCO5339","whiAvsWT_18h",-0.086318859,0,5811167,5812522,1356,"+"
"SCO5339","whiAvsWT_36h",0.216660282,0,5811167,5812522,1356,"+"
"SCO5339","whiAvsWT_48h",0.141757954,0,5811167,5812522,1356,"+"
"SCO5339","whiHvsWT_18h",1.002814317,0,5811167,5812522,1356,"+"
"SCO5339","whiHvsWT_36h",1.151560118,0,5811167,5812522,1356,"+"
"SCO5339","whiHvsWT_48h",1.334269869,0,5811167,5812522,1356,"+"
"SCO5442","whiAvsWT_18h",0.522099795,0,5918375,5920075,1701,"-"
"SCO5442","whiAvsWT_36h",-0.607934551,0,5918375,5920075,1701,"-"
"SCO5442","whiAvsWT_48h",-0.992733013,0,5918375,5920075,1701,"-"
"SCO5442","whiHvsWT_18h",0.647769053,0,5918375,5920075,1701,"-"
"SCO5442","whiHvsWT_36h",-0.47106188,0,5918375,5920075,1701,"-"
"SCO5442","whiHvsWT_48h",-0.92087918,0,5918375,5920075,1701,"-"
"SCO5519","whiAvsWT_18h",0.140745166,0,6012130,6013056,927,"+"
"SCO5519","whiAvsWT_36h",-0.077604557,0,6012130,6013056,927,"+"
"SCO5519","whiAvsWT_48h",-0.117535798,0,6012130,6013056,927,"+"
"SCO5519","whiHvsWT_18h",0.142266715,0,6012130,6013056,927,"+"
"SCO5519","whiHvsWT_36h",0.011629971,0,6012130,6013056,927,"+"
"SCO5519","whiHvsWT_48h",0.080681176,0,6012130,6013056,927,"+"
"SCO5543","whiAvsWT_18h",0.040581707,0,6040155,6040568,414,"-"
"SCO5543","whiAvsWT_36h",0.1284213,0,6040155,6040568,414,"-"
"SCO5543","whiAvsWT_48h",0.346474315,0,6040155,6040568,414,"-"
"SCO5543","whiHvsWT_18h",0.002174602,0,6040155,6040568,414,"-"
"SCO5543","whiHvsWT_36h",-0.091756174,0,6040155,6040568,414,"-"
"SCO5543","whiHvsWT_48h",-0.072313462,0,6040155,6040568,414,"-"
"SCO5544","whiAvsWT_18h",-0.033516038,0,6040578,6044567,3990,"-"
"SCO5544","whiAvsWT_36h",0.144981625,0,6040578,6044567,3990,"-"
"SCO5544","whiAvsWT_48h",0.266806729,0,6040578,6044567,3990,"-"
"SCO5544","whiHvsWT_18h",-0.118712968,0,6040578,6044567,3990,"-"
"SCO5544","whiHvsWT_36h",0.110666719,0,6040578,6044567,3990,"-"
"SCO5544","whiHvsWT_48h",0.115657466,0,6040578,6044567,3990,"-"
"SCO5556","whiAvsWT_18h",0.1214674,0,6054696,6055352,657,"+"
"SCO5556","whiAvsWT_36h",-1.223211197,0,6054696,6055352,657,"+"
"SCO5556","whiAvsWT_48h",-1.54445777,0,6054696,6055352,657,"+"
"SCO5556","whiHvsWT_18h",-0.037503625,0,6054696,6055352,657,"+"
"SCO5556","whiHvsWT_36h",-0.945542158,0,6054696,6055352,657,"+"
"SCO5556","whiHvsWT_48h",-1.227397937,0,6054696,6055352,657,"+"
"SCO5567","whiAvsWT_18h",-5.36e-05,0,6066627,6067214,588,"+"
"SCO5567","whiAvsWT_36h",-0.458083994,0,6066627,6067214,588,"+"
"SCO5567","whiAvsWT_48h",-0.965664082,0,6066627,6067214,588,"+"
"SCO5567","whiHvsWT_18h",0.070382573,0,6066627,6067214,588,"+"
"SCO5567","whiHvsWT_36h",-0.40313719,0,6066627,6067214,588,"+"
"SCO5567","whiHvsWT_48h",-0.729199802,0,6066627,6067214,588,"+"
"SCO5582","whiAvsWT_18h",0.247543027,0,6084219,6085721,1503,"+"
"SCO5582","whiAvsWT_36h",0.319276841,0,6084219,6085721,1503,"+"
"SCO5582","whiAvsWT_48h",0.089474833,0,6084219,6085721,1503,"+"
"SCO5582","whiHvsWT_18h",0.145202219,0,6084219,6085721,1503,"+"
"SCO5582","whiHvsWT_36h",0.250659287,0,6084219,6085721,1503,"+"
"SCO5582","whiHvsWT_48h",-0.288983074,0,6084219,6085721,1503,"+"
"SCO5606","whiAvsWT_18h",0.346628027,0,6108125,6108415,291,"-"
"SCO5606","whiAvsWT_36h",0.291642735,0,6108125,6108415,291,"-"
"SCO5606","whiAvsWT_48h",-0.194963573,0,6108125,6108415,291,"-"
"SCO5606","whiHvsWT_18h",0.12777484,0,6108125,6108415,291,"-"
"SCO5606","whiHvsWT_36h",0.175169265,0,6108125,6108415,291,"-"
"SCO5606","whiHvsWT_48h",-0.151207147,0,6108125,6108415,291,"-"
"SCO5610","whiAvsWT_18h",0.309511068,0,6110051,6110413,363,"-"
"SCO5610","whiAvsWT_36h",-0.649720207,0,6110051,6110413,363,"-"
"SCO5610","whiAvsWT_48h",-1.166646268,0,6110051,6110413,363,"-"
"SCO5610","whiHvsWT_18h",0.149011008,0,6110051,6110413,363,"-"
"SCO5610","whiHvsWT_36h",0.161463488,0,6110051,6110413,363,"-"
"SCO5610","whiHvsWT_48h",-0.014375629,0,6110051,6110413,363,"-"
"SCO5653","whiAvsWT_18h",0.185442501,0,6151649,6153109,1461,"-"
"SCO5653","whiAvsWT_36h",-0.142209942,0,6151649,6153109,1461,"-"
"SCO5653","whiAvsWT_48h",-0.045369176,0,6151649,6153109,1461,"-"
"SCO5653","whiHvsWT_18h",0.141778981,0,6151649,6153109,1461,"-"
"SCO5653","whiHvsWT_36h",-0.056447791,0,6151649,6153109,1461,"-"
"SCO5653","whiHvsWT_48h",-0.082042491,0,6151649,6153109,1461,"-"
"SCO5656","whiAvsWT_18h",0.194068741,0,6155449,6155949,501,"-"
"SCO5656","whiAvsWT_36h",-0.316333131,0,6155449,6155949,501,"-"
"SCO5656","whiAvsWT_48h",-0.024221466,0,6155449,6155949,501,"-"
"SCO5656","whiHvsWT_18h",-0.323634535,0,6155449,6155949,501,"-"
"SCO5656","whiHvsWT_36h",-0.235834303,0,6155449,6155949,501,"-"
"SCO5656","whiHvsWT_48h",-0.137044997,0,6155449,6155949,501,"-"
"SCO5711","whiAvsWT_18h",0.312458544,0,6225981,6226937,957,"+"
"SCO5711","whiAvsWT_36h",0.099264317,0,6225981,6226937,957,"+"
"SCO5711","whiAvsWT_48h",-0.160576392,0,6225981,6226937,957,"+"
"SCO5711","whiHvsWT_36h",0.34849758,0,6225981,6226937,957,"+"
"SCO5711","whiHvsWT_48h",-0.096550193,0,6225981,6226937,957,"+"
"SCO5745","whiAvsWT_18h",0.067027575,0,6267805,6269490,1686,"+"
"SCO5745","whiAvsWT_36h",-0.144027679,0,6267805,6269490,1686,"+"
"SCO5745","whiAvsWT_48h",-0.325037243,0,6267805,6269490,1686,"+"
"SCO5745","whiHvsWT_36h",-0.088129231,0,6267805,6269490,1686,"+"
"SCO5745","whiHvsWT_48h",-0.373514889,0,6267805,6269490,1686,"+"
"SCO5756","whiAvsWT_18h",0.044289294,0,6293651,6294121,471,"+"
"SCO5756","whiAvsWT_36h",-0.331615042,0,6293651,6294121,471,"+"
"SCO5756","whiAvsWT_48h",-0.736623519,0,6293651,6294121,471,"+"
"SCO5756","whiHvsWT_48h",-0.656529208,0,6293651,6294121,471,"+"
"SCO5761","whiAvsWT_18h",0.031513263,0,6296193,6301265,5073,"-"
"SCO5761","whiAvsWT_36h",-0.085226269,0,6296193,6301265,5073,"-"
"SCO5761","whiAvsWT_48h",0.050780755,0,6296193,6301265,5073,"-"
"SCO5761","whiHvsWT_18h",0.029644451,0,6296193,6301265,5073,"-"
"SCO5761","whiHvsWT_36h",-0.049722162,0,6296193,6301265,5073,"-"
"SCO5761","whiHvsWT_48h",-0.130321806,0,6296193,6301265,5073,"-"
"SCO5789","whiAvsWT_18h",-0.114448179,0,6326868,6327161,294,"-"
"SCO5789","whiAvsWT_36h",-0.561974242,0,6326868,6327161,294,"-"
"SCO5789","whiAvsWT_48h",-1.131971754,0,6326868,6327161,294,"-"
"SCO5789","whiHvsWT_18h",0.012529228,0,6326868,6327161,294,"-"
"SCO5789","whiHvsWT_36h",0.108618732,0,6326868,6327161,294,"-"
"SCO5789","whiHvsWT_48h",-0.440771365,0,6326868,6327161,294,"-"
"SCO5790","whiAvsWT_18h",-0.121030037,0,6327186,6327473,288,"-"
"SCO5790","whiAvsWT_36h",-0.384352987,0,6327186,6327473,288,"-"
"SCO5790","whiAvsWT_48h",-0.747010159,0,6327186,6327473,288,"-"
"SCO5790","whiHvsWT_18h",-0.080625361,0,6327186,6327473,288,"-"
"SCO5790","whiHvsWT_36h",-0.010757345,0,6327186,6327473,288,"-"
"SCO5790","whiHvsWT_48h",-0.312095697,0,6327186,6327473,288,"-"
"SCO5791","whiAvsWT_18h",-0.626224473,0,6327656,6328594,939,"+"
"SCO5791","whiAvsWT_36h",-0.320295425,0,6327656,6328594,939,"+"
"SCO5791","whiAvsWT_48h",-1.048620521,0,6327656,6328594,939,"+"
"SCO5791","whiHvsWT_36h",-0.01823367,0,6327656,6328594,939,"+"
"SCO5791","whiHvsWT_48h",-0.442951941,0,6327656,6328594,939,"+"
"SCO5796","whiAvsWT_18h",0.33796047,0,6334502,6335995,1494,"+"
"SCO5796","whiHvsWT_18h",0.027613841,0,6334502,6335995,1494,"+"
"SCO5833","whiAvsWT_18h",0.055489725,0,6384115,6384351,237,"-"
"SCO5833","whiAvsWT_36h",-0.233008654,0,6384115,6384351,237,"-"
"SCO5833","whiHvsWT_18h",0.163303201,0,6384115,6384351,237,"-"
"SCO5833","whiHvsWT_36h",0.481895077,0,6384115,6384351,237,"-"
"SCO5833","whiHvsWT_48h",0.284041853,0,6384115,6384351,237,"-"
"SCO5850","whiAvsWT_18h",-0.082921831,0,6406090,6407082,993,"+"
"SCO5850","whiAvsWT_36h",0.00235401,0,6406090,6407082,993,"+"
"SCO5850","whiAvsWT_48h",-0.33827919,0,6406090,6407082,993,"+"
"SCO5850","whiHvsWT_18h",0.159310704,0,6406090,6407082,993,"+"
"SCO5850","whiHvsWT_36h",0.39009963,0,6406090,6407082,993,"+"
"SCO5850","whiHvsWT_48h",0.213273682,0,6406090,6407082,993,"+"
"SCO5866","whiAvsWT_18h",0.052550371,0,6422895,6423359,465,"-"
"SCO5866","whiAvsWT_36h",0.456625085,0,6422895,6423359,465,"-"
"SCO5866","whiAvsWT_48h",0.519704641,0,6422895,6423359,465,"-"
"SCO5866","whiHvsWT_18h",0.173577363,0,6422895,6423359,465,"-"
"SCO5866","whiHvsWT_36h",0.043841173,0,6422895,6423359,465,"-"
"SCO5866","whiHvsWT_48h",0.123481862,0,6422895,6423359,465,"-"
"SCO5870","whiAvsWT_18h",-0.193108595,0,6425493,6426185,693,"+"
"SCO5870","whiAvsWT_36h",0.146005228,0,6425493,6426185,693,"+"
"SCO5870","whiAvsWT_48h",0.069020122,0,6425493,6426185,693,"+"
"SCO5870","whiHvsWT_18h",-0.321665349,0,6425493,6426185,693,"+"
"SCO5870","whiHvsWT_36h",-0.232016356,0,6425493,6426185,693,"+"
"SCO5870","whiHvsWT_48h",0.144993981,0,6425493,6426185,693,"+"
"SCO5882","whiAvsWT_18h",-0.381873487,0,6439123,6440310,1188,"-"
"SCO5882","whiAvsWT_48h",-1.04758451,0,6439123,6440310,1188,"-"
"SCO5882","whiHvsWT_18h",-0.107668301,0,6439123,6440310,1188,"-"
"SCO5882","whiHvsWT_36h",-0.977600436,0,6439123,6440310,1188,"-"
"SCO5882","whiHvsWT_48h",-1.122398213,0,6439123,6440310,1188,"-"
"SCO5945","whiAvsWT_18h",0.050144587,0,6511948,6513768,1821,"+"
"SCO5945","whiAvsWT_36h",-0.270982039,0,6511948,6513768,1821,"+"
"SCO5945","whiAvsWT_48h",1.180756643,0,6511948,6513768,1821,"+"
"SCO5945","whiHvsWT_18h",0.017510238,0,6511948,6513768,1821,"+"
"SCO5945","whiHvsWT_36h",0.285324437,0,6511948,6513768,1821,"+"
"SCO5945","whiHvsWT_48h",0.061216994,0,6511948,6513768,1821,"+"
"SCO5982","whiAvsWT_18h",0.059856316,0,6557772,6558617,846,"-"
"SCO5982","whiAvsWT_36h",-0.090037885,0,6557772,6558617,846,"-"
"SCO5982","whiAvsWT_48h",-0.010376376,0,6557772,6558617,846,"-"
"SCO5982","whiHvsWT_18h",-0.054239495,0,6557772,6558617,846,"-"
"SCO5982","whiHvsWT_36h",0.087593917,0,6557772,6558617,846,"-"
"SCO5982","whiHvsWT_48h",0.149180473,0,6557772,6558617,846,"-"
"SCO5990","whiAvsWT_18h",-0.035571148,0,6564792,6565028,237,"-"
"SCO5990","whiAvsWT_36h",-0.444885222,0,6564792,6565028,237,"-"
"SCO5990","whiAvsWT_48h",-1.109503553,0,6564792,6565028,237,"-"
"SCO5990","whiHvsWT_36h",-0.281279385,0,6564792,6565028,237,"-"
"SCO5990","whiHvsWT_48h",-0.473263876,0,6564792,6565028,237,"-"
"SCO6029","whiAvsWT_18h",-0.100106468,0,6618177,6618839,663,"-"
"SCO6029","whiAvsWT_36h",-0.806381913,0,6618177,6618839,663,"-"
"SCO6029","whiAvsWT_48h",-1.610834785,0,6618177,6618839,663,"-"
"SCO6029","whiHvsWT_18h",-0.07169227,0,6618177,6618839,663,"-"
"SCO6029","whiHvsWT_48h",-0.458390722,0,6618177,6618839,663,"-"
"SCO6054","whiAvsWT_18h",0.00123733,0,6646291,6647781,1491,"-"
"SCO6054","whiAvsWT_36h",-0.437427223,0,6646291,6647781,1491,"-"
"SCO6054","whiAvsWT_48h",-0.355276493,0,6646291,6647781,1491,"-"
"SCO6054","whiHvsWT_18h",-0.090861044,0,6646291,6647781,1491,"-"
"SCO6054","whiHvsWT_36h",-0.413069806,0,6646291,6647781,1491,"-"
"SCO6054","whiHvsWT_48h",-0.703264891,0,6646291,6647781,1491,"-"
"SCO6071","whiAvsWT_18h",0.032129025,0,6663344,6663991,648,"+"
"SCO6071","whiAvsWT_36h",-0.36216659,0,6663344,6663991,648,"+"
"SCO6071","whiAvsWT_48h",-0.529919783,0,6663344,6663991,648,"+"
"SCO6071","whiHvsWT_18h",-0.143588473,0,6663344,6663991,648,"+"
"SCO6071","whiHvsWT_36h",-0.121520157,0,6663344,6663991,648,"+"
"SCO6071","whiHvsWT_48h",-0.286292079,0,6663344,6663991,648,"+"
"SCO6167","whiAvsWT_18h",0.1457826,0,6769408,6770778,1371,"+"
"SCO6167","whiAvsWT_36h",-1.068199612,0,6769408,6770778,1371,"+"
"SCO6167","whiAvsWT_48h",-1.526979804,0,6769408,6770778,1371,"+"
"SCO6167","whiHvsWT_36h",-0.665315259,0,6769408,6770778,1371,"+"
"SCO6167","whiHvsWT_48h",-1.07712486,0,6769408,6770778,1371,"+"
"SCO6189","whiAvsWT_18h",0.047756591,0,6795563,6796516,954,"+"
"SCO6189","whiAvsWT_36h",0.253635321,0,6795563,6796516,954,"+"
"SCO6189","whiAvsWT_48h",0.397551906,0,6795563,6796516,954,"+"
"SCO6189","whiHvsWT_18h",0.219592829,0,6795563,6796516,954,"+"
"SCO6189","whiHvsWT_36h",-0.073156664,0,6795563,6796516,954,"+"
"SCO6189","whiHvsWT_48h",0.025489133,0,6795563,6796516,954,"+"
"SCO6212","whiHvsWT_36h",-0.058115913,0,6825153,6826568,1416,"+"
"SCO6212","whiHvsWT_48h",0.128580933,0,6825153,6826568,1416,"+"
"SCO6240","whiAvsWT_18h",-0.001627732,0,6863358,6864092,735,"-"
"SCO6240","whiAvsWT_36h",-0.921266079,0,6863358,6864092,735,"-"
"SCO6240","whiAvsWT_48h",-1.115775522,0,6863358,6864092,735,"-"
"SCO6240","whiHvsWT_18h",-0.322727645,0,6863358,6864092,735,"-"
"SCO6240","whiHvsWT_36h",-0.684877355,0,6863358,6864092,735,"-"
"SCO6240","whiHvsWT_48h",-0.953774624,0,6863358,6864092,735,"-"
"SCO6254","whiHvsWT_18h",0.273449031,0,6876381,6877070,690,"+"
"SCO6254","whiHvsWT_36h",-0.838551761,0,6876381,6877070,690,"+"
"SCO6254","whiHvsWT_48h",0.182089398,0,6876381,6877070,690,"+"
"SCO6291","whiAvsWT_18h",0.092141218,0,6950002,6951537,1536,"+"
"SCO6291","whiAvsWT_36h",0.579575073,0,6950002,6951537,1536,"+"
"SCO6291","whiAvsWT_48h",0.908813132,0,6950002,6951537,1536,"+"
"SCO6291","whiHvsWT_18h",0.366441622,0,6950002,6951537,1536,"+"
"SCO6291","whiHvsWT_36h",-0.050607735,0,6950002,6951537,1536,"+"
"SCO6291","whiHvsWT_48h",0.038464926,0,6950002,6951537,1536,"+"
"SCO6305","whiAvsWT_18h",0.145497841,0,6964306,6965349,1044,"-"
"SCO6305","whiAvsWT_36h",-1.044586707,0,6964306,6965349,1044,"-"
"SCO6305","whiAvsWT_48h",-1.914034818,0,6964306,6965349,1044,"-"
"SCO6305","whiHvsWT_18h",0.098059774,0,6964306,6965349,1044,"-"
"SCO6305","whiHvsWT_36h",-0.005613203,0,6964306,6965349,1044,"-"
"SCO6305","whiHvsWT_48h",-0.12527361,0,6964306,6965349,1044,"-"
"SCO6340","whiAvsWT_18h",0.04111343,0,6999405,7000040,636,"+"
"SCO6340","whiAvsWT_36h",0.153929576,0,6999405,7000040,636,"+"
"SCO6340","whiAvsWT_48h",-0.06678623,0,6999405,7000040,636,"+"
"SCO6340","whiHvsWT_18h",-0.00705655,0,6999405,7000040,636,"+"
"SCO6340","whiHvsWT_36h",0.395290072,0,6999405,7000040,636,"+"
"SCO6340","whiHvsWT_48h",0.308353731,0,6999405,7000040,636,"+"
"SCO6375","whiAvsWT_18h",-0.040587675,0,7037737,7038399,663,"-"
"SCO6375","whiAvsWT_36h",-0.392444074,0,7037737,7038399,663,"-"
"SCO6375","whiAvsWT_48h",-1.462615213,0,7037737,7038399,663,"-"
"SCO6375","whiHvsWT_18h",-0.299982509,0,7037737,7038399,663,"-"
"SCO6375","whiHvsWT_36h",-0.425859323,0,7037737,7038399,663,"-"
"SCO6375","whiHvsWT_48h",-1.018952147,0,7037737,7038399,663,"-"
"SCO6393","whiAvsWT_18h",0.036337886,0,7060375,7061838,1464,"+"
"SCO6393","whiAvsWT_36h",-0.438341505,0,7060375,7061838,1464,"+"
"SCO6393","whiAvsWT_48h",-0.674635889,0,7060375,7061838,1464,"+"
"SCO6393","whiHvsWT_18h",0.104206664,0,7060375,7061838,1464,"+"
"SCO6393","whiHvsWT_36h",0.082578117,0,7060375,7061838,1464,"+"
"SCO6393","whiHvsWT_48h",-0.033227791,0,7060375,7061838,1464,"+"
"SCO6411","whiAvsWT_18h",0.185943953,0,7077746,7078588,843,"+"
"SCO6411","whiAvsWT_36h",-0.222992462,0,7077746,7078588,843,"+"
"SCO6411","whiAvsWT_48h",-0.596434902,0,7077746,7078588,843,"+"
"SCO6411","whiHvsWT_18h",0.269903523,0,7077746,7078588,843,"+"
"SCO6411","whiHvsWT_36h",-0.179916589,0,7077746,7078588,843,"+"
"SCO6411","whiHvsWT_48h",-0.23413614,0,7077746,7078588,843,"+"
"SCO6445","whiAvsWT_18h",0.228372213,0,7129505,7130350,846,"+"
"SCO6445","whiAvsWT_36h",-0.198997063,0,7129505,7130350,846,"+"
"SCO6445","whiAvsWT_48h",-0.352411054,0,7129505,7130350,846,"+"
"SCO6445","whiHvsWT_18h",0.155977164,0,7129505,7130350,846,"+"
"SCO6445","whiHvsWT_36h",0.022847291,0,7129505,7130350,846,"+"
"SCO6445","whiHvsWT_48h",0.119332872,0,7129505,7130350,846,"+"
"SCO6524","whiAvsWT_18h",0.012404628,0,7214569,7215195,627,"-"
"SCO6524","whiAvsWT_36h",0.518202851,0,7214569,7215195,627,"-"
"SCO6524","whiAvsWT_48h",0.589225654,0,7214569,7215195,627,"-"
"SCO6524","whiHvsWT_18h",0.341816213,0,7214569,7215195,627,"-"
"SCO6524","whiHvsWT_36h",0.046357157,0,7214569,7215195,627,"-"
"SCO6524","whiHvsWT_48h",0.030052482,0,7214569,7215195,627,"-"
"SCO6586","whiAvsWT_18h",0.630248938,0,7296507,7297433,927,"+"
"SCO6586","whiAvsWT_36h",-0.098150958,0,7296507,7297433,927,"+"
"SCO6586","whiAvsWT_48h",-0.043730266,0,7296507,7297433,927,"+"
"SCO6586","whiHvsWT_18h",0.558043245,0,7296507,7297433,927,"+"
"SCO6586","whiHvsWT_36h",0.056105616,0,7296507,7297433,927,"+"
"SCO6586","whiHvsWT_48h",0.242831664,0,7296507,7297433,927,"+"
"SCO6596","whiAvsWT_18h",0.333918594,0,7313660,7315429,1770,"+"
"SCO6596","whiAvsWT_36h",-0.279224859,0,7313660,7315429,1770,"+"
"SCO6596","whiAvsWT_48h",0.001509056,0,7313660,7315429,1770,"+"
"SCO6596","whiHvsWT_18h",-0.687417499,0,7313660,7315429,1770,"+"
"SCO6596","whiHvsWT_36h",-0.32046913,0,7313660,7315429,1770,"+"
"SCO6596","whiHvsWT_48h",0.042781651,0,7313660,7315429,1770,"+"
"SCO6653","whiAvsWT_18h",0.425761397,0,7388672,7389874,1203,"+"
"SCO6653","whiAvsWT_36h",-0.222854967,0,7388672,7389874,1203,"+"
"SCO6653","whiAvsWT_48h",0.089769758,0,7388672,7389874,1203,"+"
"SCO6653","whiHvsWT_18h",-0.680553279,0,7388672,7389874,1203,"+"
"SCO6653","whiHvsWT_36h",-0.146909761,0,7388672,7389874,1203,"+"
"SCO6653","whiHvsWT_48h",0.055833442,0,7388672,7389874,1203,"+"
"SCO6657","whiAvsWT_18h",0.45922726,0,7392553,7394136,1584,"-"
"SCO6657","whiAvsWT_36h",-0.006704503,0,7392553,7394136,1584,"-"
"SCO6657","whiHvsWT_18h",-0.616594586,0,7392553,7394136,1584,"-"
"SCO6657","whiHvsWT_36h",-0.387014006,0,7392553,7394136,1584,"-"
"SCO6657","whiHvsWT_48h",-0.128164158,0,7392553,7394136,1584,"-"
"SCO6681","whiAvsWT_18h",0.042235803,0,7419664,7422456,2793,"+"
"SCO6681","whiAvsWT_36h",-0.232044132,0,7419664,7422456,2793,"+"
"SCO6681","whiAvsWT_48h",-0.42400373,0,7419664,7422456,2793,"+"
"SCO6681","whiHvsWT_36h",0.126241168,0,7419664,7422456,2793,"+"
"SCO6681","whiHvsWT_48h",-0.208751775,0,7419664,7422456,2793,"+"
"SCO6684","whiAvsWT_18h",0.042460738,0,7424565,7426391,1827,"+"
"SCO6684","whiAvsWT_36h",-0.050533702,0,7424565,7426391,1827,"+"
"SCO6684","whiAvsWT_48h",0.268929382,0,7424565,7426391,1827,"+"
"SCO6684","whiHvsWT_18h",-0.058549781,0,7424565,7426391,1827,"+"
"SCO6684","whiHvsWT_36h",0.405352955,0,7424565,7426391,1827,"+"
"SCO6684","whiHvsWT_48h",0.841692215,0,7424565,7426391,1827,"+"
"SCO6725","whiAvsWT_18h",0.340303976,0,7479906,7480202,297,"-"
"SCO6725","whiAvsWT_36h",-0.001008297,0,7479906,7480202,297,"-"
"SCO6725","whiAvsWT_48h",0.06735751,0,7479906,7480202,297,"-"
"SCO6725","whiHvsWT_18h",-0.425171246,0,7479906,7480202,297,"-"
"SCO6725","whiHvsWT_36h",-0.078007852,0,7479906,7480202,297,"-"
"SCO6725","whiHvsWT_48h",-0.149799614,0,7479906,7480202,297,"-"
"SCO6753","whiAvsWT_18h",0.060345569,0,7510408,7511160,753,"+"
"SCO6753","whiAvsWT_36h",-0.470719487,0,7510408,7511160,753,"+"
"SCO6753","whiAvsWT_48h",-0.712563104,0,7510408,7511160,753,"+"
"SCO6753","whiHvsWT_18h",-0.10688924,0,7510408,7511160,753,"+"
"SCO6753","whiHvsWT_36h",-0.315727338,0,7510408,7511160,753,"+"
"SCO6753","whiHvsWT_48h",-0.593394003,0,7510408,7511160,753,"+"
"SCO6763","whiAvsWT_18h",0.061517805,0,7519463,7520599,1137,"+"
"SCO6763","whiAvsWT_36h",-0.486935273,0,7519463,7520599,1137,"+"
"SCO6763","whiAvsWT_48h",-0.608020947,0,7519463,7520599,1137,"+"
"SCO6763","whiHvsWT_18h",-0.262266339,0,7519463,7520599,1137,"+"
"SCO6763","whiHvsWT_36h",-0.401075646,0,7519463,7520599,1137,"+"
"SCO6763","whiHvsWT_48h",-0.731634691,0,7519463,7520599,1137,"+"
"SCO6800","whiAvsWT_18h",-0.080869265,0,7560698,7561891,1194,"+"
"SCO6800","whiAvsWT_36h",-0.476346017,0,7560698,7561891,1194,"+"
"SCO6800","whiAvsWT_48h",-0.848829958,0,7560698,7561891,1194,"+"
"SCO6800","whiHvsWT_18h",-0.018826824,0,7560698,7561891,1194,"+"
"SCO6800","whiHvsWT_36h",0.079999256,0,7560698,7561891,1194,"+"
"SCO6800","whiHvsWT_48h",0.023904367,0,7560698,7561891,1194,"+"
"SCO6824","whiAvsWT_18h",-0.072188441,0,7588532,7589635,1104,"-"
"SCO6824","whiAvsWT_36h",0.118797512,0,7588532,7589635,1104,"-"
"SCO6824","whiAvsWT_48h",0.026372267,0,7588532,7589635,1104,"-"
"SCO6824","whiHvsWT_18h",0.979284652,0,7588532,7589635,1104,"-"
"SCO6824","whiHvsWT_36h",1.054633592,0,7588532,7589635,1104,"-"
"SCO6824","whiHvsWT_48h",1.343006854,0,7588532,7589635,1104,"-"
"SCO6848","whiAvsWT_18h",0.099394552,0,7621003,7621461,459,"-"
"SCO6848","whiAvsWT_36h",-0.091268639,0,7621003,7621461,459,"-"
"SCO6848","whiAvsWT_48h",-0.278227374,0,7621003,7621461,459,"-"
"SCO6848","whiHvsWT_18h",0.139359213,0,7621003,7621461,459,"-"
"SCO6848","whiHvsWT_36h",0.057709466,0,7621003,7621461,459,"-"
"SCO6849","whiAvsWT_18h",0.068716986,0,7621458,7623185,1728,"-"
"SCO6849","whiAvsWT_36h",-0.433275219,0,7621458,7623185,1728,"-"
"SCO6849","whiAvsWT_48h",-0.615386959,0,7621458,7623185,1728,"-"
"SCO6849","whiHvsWT_18h",-0.049788646,0,7621458,7623185,1728,"-"
"SCO6849","whiHvsWT_36h",-0.043029881,0,7621458,7623185,1728,"-"
"SCO6849","whiHvsWT_48h",-0.138172254,0,7621458,7623185,1728,"-"
"SCO6873","whiAvsWT_18h",0.205302796,0,7643492,7643734,243,"-"
"SCO6873","whiAvsWT_36h",-0.259510539,0,7643492,7643734,243,"-"
"SCO6873","whiAvsWT_48h",-0.245763569,0,7643492,7643734,243,"-"
"SCO6873","whiHvsWT_18h",0.158901978,0,7643492,7643734,243,"-"
"SCO6873","whiHvsWT_36h",-0.161905306,0,7643492,7643734,243,"-"
"SCO6873","whiHvsWT_48h",-0.319214329,0,7643492,7643734,243,"-"
"SCO6895","whiAvsWT_18h",0.072664682,0,7660478,7660993,516,"+"
"SCO6895","whiAvsWT_36h",-0.384929455,0,7660478,7660993,516,"+"
"SCO6895","whiAvsWT_48h",-0.527027486,0,7660478,7660993,516,"+"
"SCO6895","whiHvsWT_18h",0.02500311,0,7660478,7660993,516,"+"
"SCO6895","whiHvsWT_36h",0.077488989,0,7660478,7660993,516,"+"
"SCO6895","whiHvsWT_48h",-0.19631409,0,7660478,7660993,516,"+"
"SCO6907","whiAvsWT_18h",-0.014324396,0,7671335,7672108,774,"+"
"SCO6907","whiAvsWT_36h",-0.746827751,0,7671335,7672108,774,"+"
"SCO6907","whiAvsWT_48h",-0.864643804,0,7671335,7672108,774,"+"
"SCO6907","whiHvsWT_18h",-0.064807463,0,7671335,7672108,774,"+"
"SCO6907","whiHvsWT_36h",-0.663860578,0,7671335,7672108,774,"+"
"SCO6907","whiHvsWT_48h",-0.743454198,0,7671335,7672108,774,"+"
"SCO6947","whiAvsWT_18h",0.139750291,0,7710446,7711951,1506,"+"
"SCO6947","whiAvsWT_36h",-0.897047336,0,7710446,7711951,1506,"+"
"SCO6947","whiAvsWT_48h",-1.215768776,0,7710446,7711951,1506,"+"
"SCO6947","whiHvsWT_18h",0.142162734,0,7710446,7711951,1506,"+"
"SCO6947","whiHvsWT_36h",-0.987987296,0,7710446,7711951,1506,"+"
"SCO6947","whiHvsWT_48h",-1.186794829,0,7710446,7711951,1506,"+"
"SCO6972","whiAvsWT_18h",0.157893118,0,7739853,7740392,540,"-"
"SCO6972","whiAvsWT_36h",-0.129393288,0,7739853,7740392,540,"-"
"SCO6972","whiAvsWT_48h",-0.252981399,0,7739853,7740392,540,"-"
"SCO6972","whiHvsWT_18h",0.085894371,0,7739853,7740392,540,"-"
"SCO6972","whiHvsWT_36h",-0.07335729,0,7739853,7740392,540,"-"
"SCO6972","whiHvsWT_48h",-0.19458613,0,7739853,7740392,540,"-"
"SCO6976","whiAvsWT_18h",0.091644074,0,7743881,7744777,897,"-"
"SCO6976","whiAvsWT_36h",-0.661225116,0,7743881,7744777,897,"-"
"SCO6976","whiAvsWT_48h",-0.830779667,0,7743881,7744777,897,"-"
"SCO6976","whiHvsWT_18h",0.096151522,0,7743881,7744777,897,"-"
"SCO6976","whiHvsWT_36h",-0.673556683,0,7743881,7744777,897,"-"
"SCO6976","whiHvsWT_48h",-1.05031357,0,7743881,7744777,897,"-"
"SCO7000","whiAvsWT_18h",-0.091562074,0,7771060,7773279,2220,"-"
"SCO7000","whiAvsWT_36h",-0.215085824,0,7771060,7773279,2220,"-"
"SCO7000","whiAvsWT_48h",-0.199797482,0,7771060,7773279,2220,"-"
"SCO7000","whiHvsWT_18h",-0.093314212,0,7771060,7773279,2220,"-"
"SCO7000","whiHvsWT_36h",-0.417114731,0,7771060,7773279,2220,"-"
"SCO7000","whiHvsWT_48h",-0.433205842,0,7771060,7773279,2220,"-"
"SCO7004","whiAvsWT_18h",0.451283177,0,7777445,7778884,1440,"+"
"SCO7004","whiAvsWT_36h",-0.114763092,0,7777445,7778884,1440,"+"
"SCO7004","whiAvsWT_48h",-0.096131831,0,7777445,7778884,1440,"+"
"SCO7004","whiHvsWT_18h",0.44777609,0,7777445,7778884,1440,"+"
"SCO7004","whiHvsWT_36h",-0.061151578,0,7777445,7778884,1440,"+"
"SCO7004","whiHvsWT_48h",0.142202093,0,7777445,7778884,1440,"+"
"SCO7073","whiAvsWT_18h",-0.101813412,0,7861881,7862873,993,"-"
"SCO7073","whiHvsWT_36h",-0.359628381,0,7861881,7862873,993,"-"
"SCO7073","whiHvsWT_48h",-0.132322915,0,7861881,7862873,993,"-"
"SCO7112","whiAvsWT_18h",-0.025118679,0,7901360,7902256,897,"-"
"SCO7112","whiAvsWT_36h",0.02121705,0,7901360,7902256,897,"-"
"SCO7112","whiAvsWT_48h",0.012813204,0,7901360,7902256,897,"-"
"SCO7112","whiHvsWT_18h",-0.113445261,0,7901360,7902256,897,"-"
"SCO7112","whiHvsWT_36h",-0.083638623,0,7901360,7902256,897,"-"
"SCO7112","whiHvsWT_48h",-0.034533813,0,7901360,7902256,897,"-"
"SCO7118","whiAvsWT_18h",0.371053369,0,7907864,7908628,765,"-"
"SCO7118","whiAvsWT_36h",-0.168405619,0,7907864,7908628,765,"-"
"SCO7118","whiAvsWT_48h",-0.323652717,0,7907864,7908628,765,"-"
"SCO7118","whiHvsWT_18h",-0.045448177,0,7907864,7908628,765,"-"
"SCO7118","whiHvsWT_36h",-0.014344245,0,7907864,7908628,765,"-"
"SCO7118","whiHvsWT_48h",-0.367582085,0,7907864,7908628,765,"-"
"SCO7178","whiAvsWT_18h",0.056843755,0,7978110,7978478,369,"+"
"SCO7178","whiAvsWT_36h",0.374470421,0,7978110,7978478,369,"+"
"SCO7178","whiAvsWT_48h",-0.022285345,0,7978110,7978478,369,"+"
"SCO7178","whiHvsWT_18h",0.001237404,0,7978110,7978478,369,"+"
"SCO7178","whiHvsWT_36h",0.45232894,0,7978110,7978478,369,"+"
"SCO7178","whiHvsWT_48h",0.798478683,0,7978110,7978478,369,"+"
"SCO7188","whiAvsWT_18h",0.183507269,0,7988871,7992590,3720,"-"
"SCO7188","whiAvsWT_36h",-0.009353803,0,7988871,7992590,3720,"-"
"SCO7188","whiAvsWT_48h",-0.085315773,0,7988871,7992590,3720,"-"
"SCO7188","whiHvsWT_18h",0.186275609,0,7988871,7992590,3720,"-"
"SCO7188","whiHvsWT_36h",0.088909787,0,7988871,7992590,3720,"-"
"SCO7188","whiHvsWT_48h",-0.013358485,0,7988871,7992590,3720,"-"
"SCO7211","whiAvsWT_18h",0.33691498,0,8011635,8013374,1740,"-"
"SCO7211","whiAvsWT_48h",-0.052806279,0,8011635,8013374,1740,"-"
"SCO7211","whiHvsWT_18h",0.473590303,0,8011635,8013374,1740,"-"
"SCO7211","whiHvsWT_36h",0.019510223,0,8011635,8013374,1740,"-"
"SCO7211","whiHvsWT_48h",0.200306796,0,8011635,8013374,1740,"-"
"SCO7408","whiAvsWT_18h",-0.393349846,0,8222376,8223731,1356,"-"
"SCO7408","whiHvsWT_48h",-2.325700538,0,8222376,8223731,1356,"-"
"SCO7434","whiAvsWT_36h",-3.229291218,0,8247219,8247980,762,"+"
"SCO7434","whiAvsWT_48h",-4.36186797,0,8247219,8247980,762,"+"
"SCO7434","whiHvsWT_36h",-0.556299893,0,8247219,8247980,762,"+"
"SCO7434","whiHvsWT_48h",-1.196844947,0,8247219,8247980,762,"+"
"SCO7449","whiAvsWT_18h",-0.005951409,0,8264413,8265090,678,"+"
"SCO7449","whiAvsWT_36h",-1.911805582,0,8264413,8265090,678,"+"
"SCO7449","whiAvsWT_48h",-3.05718961,0,8264413,8265090,678,"+"
"SCO7449","whiHvsWT_18h",0.043683121,0,8264413,8265090,678,"+"
"SCO7449","whiHvsWT_36h",-1.784939617,0,8264413,8265090,678,"+"
"SCO7449","whiHvsWT_48h",-1.912588475,0,8264413,8265090,678,"+"
"SCO7450","whiAvsWT_36h",-0.882860096,0,8265291,8265896,606,"+"
"SCO7450","whiAvsWT_48h",-1.716140426,0,8265291,8265896,606,"+"
"SCO7450","whiHvsWT_36h",-1.216784388,0,8265291,8265896,606,"+"
"SCO7450","whiHvsWT_48h",-1.323856404,0,8265291,8265896,606,"+"
"SCO7451","whiAvsWT_36h",-1.118326098,0,8266048,8267244,1197,"+"
"SCO7451","whiAvsWT_48h",-2.244675261,0,8266048,8267244,1197,"+"
"SCO7451","whiHvsWT_18h",-0.246512164,0,8266048,8267244,1197,"+"
"SCO7451","whiHvsWT_36h",-1.097994571,0,8266048,8267244,1197,"+"
"SCO7451","whiHvsWT_48h",-1.251372741,0,8266048,8267244,1197,"+"
"SCO7545","whiAvsWT_18h",0.039887562,0,8367785,8368597,813,"+"
"SCO7545","whiAvsWT_36h",-0.097978935,0,8367785,8368597,813,"+"
"SCO7545","whiAvsWT_48h",-0.155366807,0,8367785,8368597,813,"+"
"SCO7545","whiHvsWT_18h",0.200869417,0,8367785,8368597,813,"+"
"SCO7545","whiHvsWT_36h",0.118509557,0,8367785,8368597,813,"+"
"SCO7545","whiHvsWT_48h",0.138382525,0,8367785,8368597,813,"+"
"SCO7570","whiAvsWT_18h",0.120929155,0,8393167,8394294,1128,"+"
"SCO7570","whiAvsWT_36h",0.088316931,0,8393167,8394294,1128,"+"
"SCO7570","whiAvsWT_48h",0.359840533,0,8393167,8394294,1128,"+"
"SCO7570","whiHvsWT_18h",0.235534833,0,8393167,8394294,1128,"+"
"SCO7570","whiHvsWT_36h",-0.093627686,0,8393167,8394294,1128,"+"
"SCO7570","whiHvsWT_48h",0.041389907,0,8393167,8394294,1128,"+"
"SCO7588","whiAvsWT_18h",0.481069998,0,8413357,8414277,921,"-"
"SCO7588","whiAvsWT_36h",-2.171187199,0,8413357,8414277,921,"-"
"SCO7588","whiAvsWT_48h",-1.389822422,0,8413357,8414277,921,"-"
"SCO7588","whiHvsWT_36h",-2.218967114,0,8413357,8414277,921,"-"
"SCO7588","whiHvsWT_48h",-2.68780931,0,8413357,8414277,921,"-"
"SCO7657","whiAvsWT_18h",-0.019191884,0,8483781,8485538,1758,"+"
"SCO7657","whiAvsWT_36h",0.899166241,0,8483781,8485538,1758,"+"
"SCO7657","whiAvsWT_48h",1.491291548,0,8483781,8485538,1758,"+"
"SCO7657","whiHvsWT_18h",0.26660361,0,8483781,8485538,1758,"+"
"SCO7657","whiHvsWT_36h",0.650761644,0,8483781,8485538,1758,"+"
"SCO7657","whiHvsWT_48h",0.345937019,0,8483781,8485538,1758,"+"
"SCO7658","whiAvsWT_18h",0.190179434,0,8485558,8485710,153,"+"
"SCO7658","whiAvsWT_36h",0.492359289,0,8485558,8485710,153,"+"
"SCO7658","whiAvsWT_48h",1.116989379,0,8485558,8485710,153,"+"
"SCO7658","whiHvsWT_18h",0.001785977,0,8485558,8485710,153,"+"
"SCO7658","whiHvsWT_36h",0.160604711,0,8485558,8485710,153,"+"
"SCO7658","whiHvsWT_48h",0.112684248,0,8485558,8485710,153,"+"
"SCO7673","whiAvsWT_36h",-1.258599953,0,8497424,8497978,555,"+"
"SCO7673","whiAvsWT_48h",-0.980741231,0,8497424,8497978,555,"+"
"SCO7673","whiHvsWT_48h",-0.569000549,0,8497424,8497978,555,"+"
"SCO7699","whiAvsWT_36h",0.219490116,0,8535532,8536947,1416,"+"
"SCO7699","whiAvsWT_48h",-0.133317839,0,8535532,8536947,1416,"+"
"SCO7699","whiHvsWT_36h",1.255304367,0,8535532,8536947,1416,"+"
"SCO7699","whiHvsWT_48h",0.628303428,0,8535532,8536947,1416,"+"
"SCO7740","whiAvsWT_18h",-0.043924759,0,8575438,8575674,237,"-"
"SCO7740","whiAvsWT_36h",0.364501747,0,8575438,8575674,237,"-"
"SCO7740","whiAvsWT_48h",0.579241629,0,8575438,8575674,237,"-"
"SCO7740","whiHvsWT_18h",0.034782175,0,8575438,8575674,237,"-"
"SCO7740","whiHvsWT_36h",0.284238102,0,8575438,8575674,237,"-"
"SCO7740","whiHvsWT_48h",0.105929446,0,8575438,8575674,237,"-"
"SCO7748","whiAvsWT_18h",0.059341992,0,8581406,8583109,1704,"+"
"SCO7748","whiAvsWT_36h",-0.587490193,0,8581406,8583109,1704,"+"
"SCO7748","whiAvsWT_48h",-0.790462851,0,8581406,8583109,1704,"+"
"SCO7748","whiHvsWT_18h",-0.026774197,0,8581406,8583109,1704,"+"
"SCO7748","whiHvsWT_36h",-0.320395874,0,8581406,8583109,1704,"+"
"SCO7748","whiHvsWT_48h",-0.3219665,0,8581406,8583109,1704,"+"
"SCP1.22c","whiAvsWT_18h",0.62740423,0,NA,NA,NA,NA
"SCP1.22c","whiAvsWT_36h",1.217553674,0,NA,NA,NA,NA
"SCP1.22c","whiAvsWT_48h",2.242195228,0,NA,NA,NA,NA
"SCP1.22c","whiHvsWT_18h",-0.480311287,0,NA,NA,NA,NA
"SCP1.22c","whiHvsWT_36h",0.811849001,0,NA,NA,NA,NA
"SCP1.22c","whiHvsWT_48h",0.315049189,0,NA,NA,NA,NA
"SCP1.233B","whiAvsWT_18h",-0.036799831,0,NA,NA,NA,NA
"SCP1.233B","whiAvsWT_36h",0.015969971,0,NA,NA,NA,NA
"SCP1.233B","whiAvsWT_48h",-0.084809047,0,NA,NA,NA,NA
"SCP1.233B","whiHvsWT_18h",0.205261739,0,NA,NA,NA,NA
"SCP1.233B","whiHvsWT_36h",0.016908896,0,NA,NA,NA,NA
"SCP1.233B","whiHvsWT_48h",-0.003632245,0,NA,NA,NA,NA
"SCP1.270","whiAvsWT_18h",0.539960873,0,NA,NA,NA,NA
"SCP1.270","whiAvsWT_36h",0.68886462,0,NA,NA,NA,NA
"SCP1.270","whiAvsWT_48h",0.620296422,0,NA,NA,NA,NA
"SCP1.270","whiHvsWT_18h",0.114744431,0,NA,NA,NA,NA
"SCP1.270","whiHvsWT_36h",0.255113694,0,NA,NA,NA,NA
"SCP1.270","whiHvsWT_48h",-0.050570958,0,NA,NA,NA,NA
